ID,ObjectType,Rate,Metatitle,CitesNum,CitedByNum,AppearsInNum,URL
SCP-002,Euclid,+1518,"The ""Living"" Room",0,6,2,https://iwasaki501.github.io/ternbusty/series1.html#scp-002
SCP-003,Euclid,+671,Biological Motherboard,2,4,4,https://iwasaki501.github.io/ternbusty/series1.html#scp-003
SCP-004,Euclid,+986,The 12 Rusty Keys and the Door,0,6,2,https://iwasaki501.github.io/ternbusty/series1.html#scp-004
SCP-005,Safe,+567,Skeleton Key,0,6,4,https://iwasaki501.github.io/ternbusty/series1.html#scp-005
SCP-006,Safe,+507,Fountain of Youth,0,7,8,https://iwasaki501.github.io/ternbusty/series1.html#scp-006
SCP-008,Euclid,+782,Zombie Plague,1,14,12,https://iwasaki501.github.io/ternbusty/series1.html#scp-008
SCP-028,Safe,+1032,Knowledge,2,5,3,https://iwasaki501.github.io/ternbusty/series1.html#scp-028
SCP-029,Keter,+405,Daughter of Shadows,1,3,2,https://iwasaki501.github.io/ternbusty/series1.html#scp-029
SCP-033,Euclid,+668,The Missing Number,0,8,10,https://iwasaki501.github.io/ternbusty/series1.html#scp-033
SCP-035,Keter,+1516,Possessive Mask,5,7,10,https://iwasaki501.github.io/ternbusty/series1.html#scp-035
SCP-038,Safe,+509,The Everything Tree,2,6,2,https://iwasaki501.github.io/ternbusty/series1.html#scp-038
SCP-039,Euclid,+297,Proboscis Engineers,3,3,1,https://iwasaki501.github.io/ternbusty/series1.html#scp-039
SCP-040,Euclid,+495,Evolution's Child,0,5,5,https://iwasaki501.github.io/ternbusty/series1.html#scp-040
SCP-043,Safe,+287,The Beatle,0,5,0,https://iwasaki501.github.io/ternbusty/series1.html#scp-043
SCP-044,Safe,+295,World War II Era Molecular-Fission Cannon,0,4,3,https://iwasaki501.github.io/ternbusty/series1.html#scp-044
SCP-048,Others,+1173,The Cursed SCP Number,0,4,0,https://iwasaki501.github.io/ternbusty/series1.html#scp-048
SCP-049,Euclid,+3354,Plague Doctor,5,10,38,https://iwasaki501.github.io/ternbusty/series1.html#scp-049
SCP-050,Euclid,+416,To The Cleverest,10,3,4,https://iwasaki501.github.io/ternbusty/series1.html#scp-050
SCP-053,Euclid,+748,Young Girl,1,6,9,https://iwasaki501.github.io/ternbusty/series1.html#scp-053
SCP-055,Keter,+3006,[unknown],0,14,24,https://iwasaki501.github.io/ternbusty/series1.html#scp-055
SCP-056,Euclid,+175,A Beautiful Person,0,4,1,https://iwasaki501.github.io/ternbusty/series1.html#scp-056
SCP-058,Keter,+720,Heart of Darkness,0,5,4,https://iwasaki501.github.io/ternbusty/series1.html#scp-058
SCP-061,Safe,+235,Auditory Mind Control,0,3,4,https://iwasaki501.github.io/ternbusty/series1.html#scp-061
SCP-063,Safe,+445,"""The World's Best TothBrush""",1,4,0,https://iwasaki501.github.io/ternbusty/series1.html#scp-063
SCP-066,Euclid,+744,Eric's Toy,0,4,2,https://iwasaki501.github.io/ternbusty/series1.html#scp-066
SCP-073,Euclid,+1012,"""Cain""",5,17,29,https://iwasaki501.github.io/ternbusty/series1.html#scp-073
SCP-075,Euclid,+278,Corrosive Snail,1,4,2,https://iwasaki501.github.io/ternbusty/series1.html#scp-075
SCP-076,Keter,+1333,"""Able""",3,43,57,https://iwasaki501.github.io/ternbusty/series1.html#scp-076
SCP-079,Euclid,+1198,Old AI,1,9,8,https://iwasaki501.github.io/ternbusty/series1.html#scp-079
SCP-081,Euclid,+303,Spontaneous Combustion Virus,0,3,1,https://iwasaki501.github.io/ternbusty/series1.html#scp-081
SCP-082,Euclid,+602,"""Fernand"" the Cannibal",0,8,5,https://iwasaki501.github.io/ternbusty/series1.html#scp-082
SCP-085,Safe,+1308,Hand-drawn ''Cassy'',2,7,9,https://iwasaki501.github.io/ternbusty/series1.html#scp-085
SCP-087,Euclid,+2937,The Stairwell,0,5,7,https://iwasaki501.github.io/ternbusty/series1.html#scp-087
SCP-089,Euclid,+665,Tophet,0,5,7,https://iwasaki501.github.io/ternbusty/series1.html#scp-089
SCP-093,Euclid,+2584,Red Sea Object,4,4,7,https://iwasaki501.github.io/ternbusty/series1.html#scp-093
SCP-096,Euclid,+2793,"The ""Shy Guy""",0,13,13,https://iwasaki501.github.io/ternbusty/series1.html#scp-096
SCP-101,Euclid,+231,Hungry Bag,0,4,0,https://iwasaki501.github.io/ternbusty/series1.html#scp-101
SCP-105,Safe,+739,"""Iris""",3,13,25,https://iwasaki501.github.io/ternbusty/series1.html#scp-105
SCP-106,Keter,+2491,The Old Man,4,20,27,https://iwasaki501.github.io/ternbusty/series1.html#scp-106
SCP-122,Keter,+295,No More Monsters,3,4,1,https://iwasaki501.github.io/ternbusty/series1.html#scp-122
SCP-123,Euclid,+327,Contained Miniature Black Hole,0,4,1,https://iwasaki501.github.io/ternbusty/series1.html#scp-123
SCP-124,Euclid,+280,Fertile Soil,0,3,0,https://iwasaki501.github.io/ternbusty/series1.html#scp-124
SCP-127,Safe,+485,The Living Gun,0,5,1,https://iwasaki501.github.io/ternbusty/series1.html#scp-127
SCP-128,Euclid,+245,Kinetic Energy Entity,3,3,0,https://iwasaki501.github.io/ternbusty/series1.html#scp-128
SCP-131,Safe,+815,"The ""Eye Pods""",2,3,4,https://iwasaki501.github.io/ternbusty/series1.html#scp-131
SCP-134,Safe,+310,Star-Eyed Child,0,4,4,https://iwasaki501.github.io/ternbusty/series1.html#scp-134
SCP-140,Keter,+1292,An Incomplete Chronicle,0,29,16,https://iwasaki501.github.io/ternbusty/series1.html#scp-140
SCP-143,Euclid,+372,The Bladewood Grove,9,4,5,https://iwasaki501.github.io/ternbusty/series1.html#scp-143
SCP-148,Euclid,+485,"The ""Telekill"" Alloy",0,22,38,https://iwasaki501.github.io/ternbusty/series1.html#scp-148
SCP-150,Keter,+223,Ship of Theseus,0,25,1,https://iwasaki501.github.io/ternbusty/series1.html#scp-150
SCP-158,Euclid,+327,Soul Extractor,4,8,6,https://iwasaki501.github.io/ternbusty/series1.html#scp-158
SCP-162,Euclid,+497,Ball of Sharp,2,3,1,https://iwasaki501.github.io/ternbusty/series1.html#scp-162
SCP-163,Safe,+594,An Old Castaway,0,3,2,https://iwasaki501.github.io/ternbusty/series1.html#scp-163
SCP-165,Keter,+409,"The Creeping, Hungry Sands of Tule",0,3,2,https://iwasaki501.github.io/ternbusty/series1.html#scp-165
SCP-166,Euclid,+445,Just a Teenage Gaea,1,4,6,https://iwasaki501.github.io/ternbusty/series1.html#scp-166
SCP-168,Safe,+622,Sentient Calculator,0,4,3,https://iwasaki501.github.io/ternbusty/series1.html#scp-168
SCP-169,Keter,+808,The Leviathan,0,6,7,https://iwasaki501.github.io/ternbusty/series1.html#scp-169
SCP-173,Euclid,+6663,The Sculpture - The Original,0,31,67,https://iwasaki501.github.io/ternbusty/series1.html#scp-173
SCP-179,Thaumiel,+809,Sauelsuesor,0,7,7,https://iwasaki501.github.io/ternbusty/series1.html#scp-179
SCP-181,Safe,+221,"""Lucky""",3,3,1,https://iwasaki501.github.io/ternbusty/series1.html#scp-181
SCP-182,Euclid,+254,"""Rider""",2,5,0,https://iwasaki501.github.io/ternbusty/series1.html#scp-182
SCP-184,Euclid,+1048,The Architect,4,5,8,https://iwasaki501.github.io/ternbusty/series1.html#scp-184
SCP-187,Safe,+378,Double Vision,13,4,3,https://iwasaki501.github.io/ternbusty/series1.html#scp-187
SCP-204,Keter,+189,The Protector,0,3,1,https://iwasaki501.github.io/ternbusty/series1.html#scp-204
SCP-212,Safe,+438,The Improver,2,4,5,https://iwasaki501.github.io/ternbusty/series1.html#scp-212
SCP-217,Keter,+706,The Clockwork Virus,2,19,12,https://iwasaki501.github.io/ternbusty/series1.html#scp-217
SCP-230,Euclid,+298,The Gayest Man Alive,0,3,0,https://iwasaki501.github.io/ternbusty/series1.html#scp-230
SCP-231,Keter,+2006,Special Personnel Requirements,4,16,25,https://iwasaki501.github.io/ternbusty/series1.html#scp-231
SCP-233,Keter,+163,23-Sided Polyhedron,0,3,0,https://iwasaki501.github.io/ternbusty/series1.html#scp-233
SCP-239,Keter,+635,The Witch Child,3,8,26,https://iwasaki501.github.io/ternbusty/series1.html#scp-239
SCP-248,Safe,+227,110%,0,3,2,https://iwasaki501.github.io/ternbusty/series1.html#scp-248
SCP-261,Safe,+854,Pan-Dimensional Vending,10,3,2,https://iwasaki501.github.io/ternbusty/series1.html#scp-261
SCP-285,Euclid,+90,A Hack Job,28,15,3,https://iwasaki501.github.io/ternbusty/series1.html#scp-285
SCP-287,Safe,+131,Clark's Third Favorite Sword,2,3,0,https://iwasaki501.github.io/ternbusty/series1.html#scp-287
SCP-294,Euclid,+1771,The Coffee Machine,2,6,6,https://iwasaki501.github.io/ternbusty/series1.html#scp-294
SCP-303,Euclid,+719,The Doorman,0,3,4,https://iwasaki501.github.io/ternbusty/series1.html#scp-303
SCP-319,Keter,+412,A Curious Device,0,5,0,https://iwasaki501.github.io/ternbusty/series1.html#scp-319
SCP-332,Euclid,+371,The 1976 Kirk Lonwood High School Marching Band,1,5,2,https://iwasaki501.github.io/ternbusty/series1.html#scp-332
SCP-336,Euclid,+222,"""Lilith""",0,3,5,https://iwasaki501.github.io/ternbusty/series1.html#scp-336
SCP-343,Safe,+960,"""God""",0,18,25,https://iwasaki501.github.io/ternbusty/series1.html#scp-343
SCP-354,Keter,+1274,The Red Pool,1,6,3,https://iwasaki501.github.io/ternbusty/series1.html#scp-354
SCP-402,Euclid,+94,Obsidian Absorber,3,3,0,https://iwasaki501.github.io/ternbusty/series1.html#scp-402
SCP-407,Neutralized,+483,The Song of Genesis,2,4,1,https://iwasaki501.github.io/ternbusty/series1.html#scp-407
SCP-409,Keter,+352,Contagious Crystal,1,3,1,https://iwasaki501.github.io/ternbusty/series1.html#scp-409
SCP-411,Safe,+398,Ancient Precog,0,3,2,https://iwasaki501.github.io/ternbusty/series1.html#scp-411
SCP-417,Euclid,+165,The Plague Tree,0,3,0,https://iwasaki501.github.io/ternbusty/series1.html#scp-417
SCP-423,Safe,+722,Self-Inserting Character,10,11,11,https://iwasaki501.github.io/ternbusty/series1.html#scp-423
SCP-426,Euclid,+2195,I am a Toaster,0,6,9,https://iwasaki501.github.io/ternbusty/series1.html#scp-426
SCP-427,Safe,+536,Lovecraftian Locket,2,10,4,https://iwasaki501.github.io/ternbusty/series1.html#scp-427
SCP-437,Euclid,+299,Summer of '91,27,35,6,https://iwasaki501.github.io/ternbusty/series1.html#scp-437
SCP-447,Safe,+718,Ball of Green Slime,8,12,22,https://iwasaki501.github.io/ternbusty/series1.html#scp-447
SCP-455,Euclid,+585,Cargo Ship,1,3,3,https://iwasaki501.github.io/ternbusty/series1.html#scp-455
SCP-458,Safe,+503,The Never-Ending Pizza Box,15,3,4,https://iwasaki501.github.io/ternbusty/series1.html#scp-458
SCP-475,Safe,+222,Soap of a Pope,15,5,0,https://iwasaki501.github.io/ternbusty/series1.html#scp-475
SCP-484,Safe,+228,Memory Stealing Drug,0,3,0,https://iwasaki501.github.io/ternbusty/series1.html#scp-484
SCP-500,Safe,+940,Panacea,10,24,11,https://iwasaki501.github.io/ternbusty/series1.html#scp-500
SCP-504,Safe,+1065,Critical Tomatoes,1,4,6,https://iwasaki501.github.io/ternbusty/series1.html#scp-504
SCP-507,Safe,+1301,Reluctant Dimension Hopper,5,9,13,https://iwasaki501.github.io/ternbusty/series1.html#scp-507
SCP-519,Safe,+77,Cheeky Phone Booth,2,3,0,https://iwasaki501.github.io/ternbusty/series1.html#scp-519
SCP-524,Safe,+554,Walter the Omnivorous Rabbit,0,5,1,https://iwasaki501.github.io/ternbusty/series1.html#scp-524
SCP-527,Euclid,+571,Mr. Fish,21,23,6,https://iwasaki501.github.io/ternbusty/series1.html#scp-527
SCP-529,Safe,+944,Josie the Half-Cat,0,12,4,https://iwasaki501.github.io/ternbusty/series1.html#scp-529
SCP-536,Safe,+403,Physical Law Testing Chamber,0,5,0,https://iwasaki501.github.io/ternbusty/series1.html#scp-536
SCP-573,Euclid,+254,The Pied Pipe,1,3,3,https://iwasaki501.github.io/ternbusty/series1.html#scp-573
SCP-579,Keter,+216,[DATA EXPUNGED],1,5,3,https://iwasaki501.github.io/ternbusty/series1.html#scp-579
SCP-590,Safe,+336,He Feels Your Pain,2,5,5,https://iwasaki501.github.io/ternbusty/series1.html#scp-590
SCP-604,Safe,+410,The Cannibal's Banquet; A Corrupted Ritual,0,3,1,https://iwasaki501.github.io/ternbusty/series1.html#scp-604
SCP-610,Keter,+1390,The Flesh that Hates,3,9,10,https://iwasaki501.github.io/ternbusty/series1.html#scp-610
SCP-629,Safe,+357,Mr. Brass,19,16,8,https://iwasaki501.github.io/ternbusty/series1.html#scp-629
SCP-638,Neutralized,+161,Where in the World is Richard Chappell?,33,8,0,https://iwasaki501.github.io/ternbusty/series1.html#scp-638
SCP-643,Safe,+224,Delicious Chocolates,2,3,1,https://iwasaki501.github.io/ternbusty/series1.html#scp-643
SCP-644,Euclid,+274,Mr. Hot,19,14,4,https://iwasaki501.github.io/ternbusty/series1.html#scp-644
SCP-646,Euclid,+221,Birth Worm,2,4,1,https://iwasaki501.github.io/ternbusty/series1.html#scp-646
SCP-649,Safe,+194,Matchbox Full of Winter,2,3,1,https://iwasaki501.github.io/ternbusty/series1.html#scp-649
SCP-654,Neutralized,+58,Thunderhorn,32,19,6,https://iwasaki501.github.io/ternbusty/series1.html#scp-654
SCP-662,Safe,+860,Butler's Hand Bell,0,7,7,https://iwasaki501.github.io/ternbusty/series1.html#scp-662
SCP-682,Keter,+2811,Hard-to-Destroy Reptile,112,65,78,https://iwasaki501.github.io/ternbusty/series1.html#scp-682
SCP-689,Keter,+331,Haunter in the Dark,1,4,0,https://iwasaki501.github.io/ternbusty/series1.html#scp-689
SCP-701,Euclid,+1456,The Hanged King's Tragedy,1,8,7,https://iwasaki501.github.io/ternbusty/series1.html#scp-701
SCP-711,Safe,+447,Paradoxical Insurance Policy,1,6,0,https://iwasaki501.github.io/ternbusty/series1.html#scp-711
SCP-715,Safe,+303,My Face That I May Be,33,3,1,https://iwasaki501.github.io/ternbusty/series1.html#scp-715
SCP-718,Keter,+187,Eyeball,1,3,0,https://iwasaki501.github.io/ternbusty/series1.html#scp-718
SCP-732,Keter,+533,The Fan-Fic Plague,2,5,8,https://iwasaki501.github.io/ternbusty/series1.html#scp-732
SCP-737,Safe,+167,Hungry Train,0,3,0,https://iwasaki501.github.io/ternbusty/series1.html#scp-737
SCP-738,Keter,+718,The Devil's Deal,0,5,7,https://iwasaki501.github.io/ternbusty/series1.html#scp-738
SCP-742,Keter,+174,Retrovirus,0,3,1,https://iwasaki501.github.io/ternbusty/series1.html#scp-742
SCP-743,Keter,+330,A Chocolate Fountain,1,3,2,https://iwasaki501.github.io/ternbusty/series1.html#scp-743
SCP-756,Euclid,+276,Miniature Solar System,0,3,0,https://iwasaki501.github.io/ternbusty/series1.html#scp-756
SCP-783,Keter,+325,There Was A Crooked Man,24,13,1,https://iwasaki501.github.io/ternbusty/series1.html#scp-783
SCP-811,Euclid,+607,Swamp Woman,0,4,1,https://iwasaki501.github.io/ternbusty/series1.html#scp-811
SCP-826,Safe,+451,Draws You into the Book,0,4,5,https://iwasaki501.github.io/ternbusty/series1.html#scp-826
SCP-847,Euclid,+388,The Mannequin,2,3,3,https://iwasaki501.github.io/ternbusty/series1.html#scp-847
SCP-871,Keter,+992,Self-Replacing Cake,0,3,7,https://iwasaki501.github.io/ternbusty/series1.html#scp-871
SCP-882,Euclid,+900,A Machine,3,15,10,https://iwasaki501.github.io/ternbusty/series1.html#scp-882
SCP-890,Euclid,+577,The Rocket Surgeon,0,6,5,https://iwasaki501.github.io/ternbusty/series1.html#scp-890
SCP-905,Safe,+198,Mr. Chameleon,1,17,4,https://iwasaki501.github.io/ternbusty/series1.html#scp-905
SCP-909,Euclid,+290,Mr. Forgetful,19,22,4,https://iwasaki501.github.io/ternbusty/series1.html#scp-909
SCP-913,Euclid,+137,Mr. Hungry,1,16,4,https://iwasaki501.github.io/ternbusty/series1.html#scp-913
SCP-914,Safe,+2358,The Clockworks,150,23,29,https://iwasaki501.github.io/ternbusty/series1.html#scp-914
SCP-917,Safe,+176,Mr. Moon,19,16,7,https://iwasaki501.github.io/ternbusty/series1.html#scp-917
SCP-920,Euclid,+365,Mr. Lost,1,16,5,https://iwasaki501.github.io/ternbusty/series1.html#scp-920
SCP-939,Keter,+772,With Many Voices,12,5,2,https://iwasaki501.github.io/ternbusty/series1.html#scp-939
SCP-946,Euclid,+577,A Formal Discussion,1,3,1,https://iwasaki501.github.io/ternbusty/series1.html#scp-946
SCP-947,Keter,+203,Son of a [EXPLETIVE REDACTED],72,24,1,https://iwasaki501.github.io/ternbusty/series1.html#scp-947
SCP-948,Safe,+226,The Workaholic,22,10,1,https://iwasaki501.github.io/ternbusty/series1.html#scp-948
SCP-953,Keter,+460,Polymorphic Humanoid,3,7,7,https://iwasaki501.github.io/ternbusty/series1.html#scp-953
SCP-963,Euclid,+1206,Immortality,2,18,25,https://iwasaki501.github.io/ternbusty/series1.html#scp-963
SCP-966,Euclid,+667,Sleep Killer,0,4,1,https://iwasaki501.github.io/ternbusty/series1.html#scp-966
SCP-972,Euclid,+78,Immunity,51,26,13,https://iwasaki501.github.io/ternbusty/series1.html#scp-972
SCP-990,Keter,+1258,Dream Man,0,5,11,https://iwasaki501.github.io/ternbusty/series1.html#scp-990
SCP-993,Safe,+1254,Bobble the Clown,0,4,12,https://iwasaki501.github.io/ternbusty/series1.html#scp-993
SCP-999,Safe,+2054,The Tickle Monster,1,11,6,https://iwasaki501.github.io/ternbusty/series1.html#scp-999
SCP-1000,Keter,+1582,Bigfoot,5,25,15,https://iwasaki501.github.io/ternbusty/series2.html#scp-1000
SCP-1006,Safe,+598,Spider Proletariat,0,4,1,https://iwasaki501.github.io/ternbusty/series2.html#scp-1006
SCP-1007,Safe,+288,Mr. Life and Mr. Death,1,16,4,https://iwasaki501.github.io/ternbusty/series2.html#scp-1007
SCP-1012,Keter,+322,Secret Chord,2,5,2,https://iwasaki501.github.io/ternbusty/series2.html#scp-1012
SCP-1015,Safe,+342,Poor Man's Midas,0,3,0,https://iwasaki501.github.io/ternbusty/series2.html#scp-1015
SCP-1024,Safe,+169,The Basic Set,2,3,0,https://iwasaki501.github.io/ternbusty/series2.html#scp-1024
SCP-1032,Euclid,+537,The Prediction Clock,3,5,1,https://iwasaki501.github.io/ternbusty/series2.html#scp-1032
SCP-1048,Keter,+1281,Builder Bear,1,7,8,https://iwasaki501.github.io/ternbusty/series2.html#scp-1048
SCP-1050,Safe,+611,Obsidian Obelisk of Warning,0,3,2,https://iwasaki501.github.io/ternbusty/series2.html#scp-1050
SCP-1056,Safe,+182,Re-size It!,0,3,0,https://iwasaki501.github.io/ternbusty/series2.html#scp-1056
SCP-1139,Euclid,+231,The Broken Tongue,4,4,1,https://iwasaki501.github.io/ternbusty/series2.html#scp-1139
SCP-1143,Safe,+60,Cool Guys Don't Look at Explosions,7,6,3,https://iwasaki501.github.io/ternbusty/series2.html#scp-1143
SCP-1160,Safe,+457,Effective Containment,34,8,2,https://iwasaki501.github.io/ternbusty/series2.html#scp-1160
SCP-1173,Euclid,+718,The Islamic Republic of Eastern Samothrace,1,4,5,https://iwasaki501.github.io/ternbusty/series2.html#scp-1173
SCP-1192,Euclid,+561,"""Timmy""",0,3,2,https://iwasaki501.github.io/ternbusty/series2.html#scp-1192
SCP-1233,Keter,+500,The Lunatic,26,13,12,https://iwasaki501.github.io/ternbusty/series2.html#scp-1233
SCP-1237,Keter,+417,The Epsilon Wave,1,5,2,https://iwasaki501.github.io/ternbusty/series2.html#scp-1237
SCP-1265,Euclid,+262,The Mesozoic Preserve,2,4,0,https://iwasaki501.github.io/ternbusty/series2.html#scp-1265
SCP-1317,Safe,+106,Factory Makeup,2,3,1,https://iwasaki501.github.io/ternbusty/series2.html#scp-1317
SCP-1322,Keter,+965,Glory Hole,1,5,7,https://iwasaki501.github.io/ternbusty/series2.html#scp-1322
SCP-1337,Euclid,+394,The Hitchhiker,3,6,1,https://iwasaki501.github.io/ternbusty/series2.html#scp-1337
SCP-1348,Keter,+392,Inner Sanctum,0,4,0,https://iwasaki501.github.io/ternbusty/series2.html#scp-1348
SCP-1360,Euclid,+437,PSHUD #31,2,9,23,https://iwasaki501.github.io/ternbusty/series2.html#scp-1360
SCP-1361,Safe,+164,Animal By-Product,0,3,1,https://iwasaki501.github.io/ternbusty/series2.html#scp-1361
SCP-1390,Euclid,+219,A Dead Language,1,3,1,https://iwasaki501.github.io/ternbusty/series2.html#scp-1390
SCP-1422,Neutralized,+571,The Yellowstone Anomaly,3,4,1,https://iwasaki501.github.io/ternbusty/series2.html#scp-1422
SCP-1425,Safe,+1086,Star Signals,2,15,7,https://iwasaki501.github.io/ternbusty/series2.html#scp-1425
SCP-1427,Keter,+407,Extinguishing Stele,0,8,1,https://iwasaki501.github.io/ternbusty/series2.html#scp-1427
SCP-1428,Keter,+251,Jinwu,0,4,1,https://iwasaki501.github.io/ternbusty/series2.html#scp-1428
SCP-1437,Safe,+1118,A Hole to Another Place,1,8,1,https://iwasaki501.github.io/ternbusty/series2.html#scp-1437
SCP-1459,Safe,+609,The Puppy Machine,19,5,1,https://iwasaki501.github.io/ternbusty/series2.html#scp-1459
SCP-1483,Euclid,+421,The Third Antarctic Empire,0,4,7,https://iwasaki501.github.io/ternbusty/series2.html#scp-1483
SCP-1498,Euclid,+262,Dial-A-Dream,5,4,1,https://iwasaki501.github.io/ternbusty/series2.html#scp-1498
SCP-1507,Euclid,+262,Pink Flamingos,7,3,2,https://iwasaki501.github.io/ternbusty/series2.html#scp-1507
SCP-1513,Safe,+215,Potted Pets,4,4,2,https://iwasaki501.github.io/ternbusty/series2.html#scp-1513
SCP-1539,Safe,+504,Semantic Dissociator,0,3,1,https://iwasaki501.github.io/ternbusty/series2.html#scp-1539
SCP-1548,Keter,+337,"The Star, the Hateful",5,5,3,https://iwasaki501.github.io/ternbusty/series2.html#scp-1548
SCP-1557,Safe,+272,Giraffe Hell,0,3,0,https://iwasaki501.github.io/ternbusty/series2.html#scp-1557
SCP-1564,Euclid,+216,Post-Nibbanic,4,3,4,https://iwasaki501.github.io/ternbusty/series2.html#scp-1564
SCP-1609,Euclid,+929,The Remains of a Chair,0,4,4,https://iwasaki501.github.io/ternbusty/series2.html#scp-1609
SCP-1644,Safe,+141,The Obelisk,50,27,14,https://iwasaki501.github.io/ternbusty/series2.html#scp-1644
SCP-1654,Others,+79,Tuned to a Dead Channel,0,3,0,https://iwasaki501.github.io/ternbusty/series2.html#scp-1654
SCP-1659,Keter,+376,Directorate K,0,3,3,https://iwasaki501.github.io/ternbusty/series2.html#scp-1659
SCP-1661,Others,+208,Gremlins,22,13,2,https://iwasaki501.github.io/ternbusty/series2.html#scp-1661
SCP-1680,Euclid,+234,Tyler,4,7,1,https://iwasaki501.github.io/ternbusty/series2.html#scp-1680
SCP-1689,Safe,+730,Bag of Holding Potatoes,0,3,1,https://iwasaki501.github.io/ternbusty/series2.html#scp-1689
SCP-1712,Keter,+44,"An Unusual Occurrence On August 11th, 1959",33,11,7,https://iwasaki501.github.io/ternbusty/series2.html#scp-1712
SCP-1726,Euclid,+260,The Library and the Pillar,0,4,0,https://iwasaki501.github.io/ternbusty/series2.html#scp-1726
SCP-1727,Safe,+143,Auto-Heaven,3,3,0,https://iwasaki501.github.io/ternbusty/series2.html#scp-1727
SCP-1730,Neutralized,+1975,What Happened to Site-13?,34,15,3,https://iwasaki501.github.io/ternbusty/series2.html#scp-1730
SCP-1732,Neutralized,+196,Septimius Leo,0,4,0,https://iwasaki501.github.io/ternbusty/series2.html#scp-1732
SCP-1740,Safe,+148,Playgrounded,4,4,0,https://iwasaki501.github.io/ternbusty/series2.html#scp-1740
SCP-1750,Keter,+68,Jurassic Park,74,23,0,https://iwasaki501.github.io/ternbusty/series2.html#scp-1750
SCP-1758,Safe,+113,O Mio Babbino Caro,50,26,13,https://iwasaki501.github.io/ternbusty/series2.html#scp-1758
SCP-1762,Neutralized,+1192,Where The Dragons Went,1,3,2,https://iwasaki501.github.io/ternbusty/series2.html#scp-1762
SCP-1780,Safe,+402,The Temporal Anomalies Department,8,16,3,https://iwasaki501.github.io/ternbusty/series2.html#scp-1780
SCP-1781,Safe,+297,The Moonlight Theater,31,7,1,https://iwasaki501.github.io/ternbusty/series2.html#scp-1781
SCP-1799,Safe,+446,Mr. Laugh,19,14,8,https://iwasaki501.github.io/ternbusty/series2.html#scp-1799
SCP-1812,Keter,+409,Extralunar Meme,0,4,0,https://iwasaki501.github.io/ternbusty/series2.html#scp-1812
SCP-1833,Safe,+382,Class of '76,5,5,3,https://iwasaki501.github.io/ternbusty/series2.html#scp-1833
SCP-1842,Safe,+155,Dr. Wondertainment's Magic Microwave Set!,50,27,13,https://iwasaki501.github.io/ternbusty/series2.html#scp-1842
SCP-1844,Euclid,+342,"Crater at 31.7‚ñà‚ñà‚ñà¬∞ N, 35.1‚ñà‚ñà‚ñà¬∞ E",3,6,1,https://iwasaki501.github.io/ternbusty/series2.html#scp-1844
SCP-1846,Euclid,+383,Maize Angel,0,3,1,https://iwasaki501.github.io/ternbusty/series2.html#scp-1846
SCP-1864,Euclid,+296,The Lonely Liar,32,3,1,https://iwasaki501.github.io/ternbusty/series2.html#scp-1864
SCP-1867,Safe,+1005,A Gentleman,0,6,11,https://iwasaki501.github.io/ternbusty/series2.html#scp-1867
SCP-1872,Safe,+186,Vehicular Lazer Pointer,4,3,2,https://iwasaki501.github.io/ternbusty/series2.html#scp-1872
SCP-1875,Euclid,+775,Antique Chess Computer,0,4,2,https://iwasaki501.github.io/ternbusty/series2.html#scp-1875
SCP-1890,Safe,+108,The Family Photo Album,2,3,0,https://iwasaki501.github.io/ternbusty/series2.html#scp-1890
SCP-1894,Safe,+60,Crash Course Diet,2,3,0,https://iwasaki501.github.io/ternbusty/series2.html#scp-1894
SCP-1903,Euclid,+431,Jackie's Secret,16,3,2,https://iwasaki501.github.io/ternbusty/series2.html#scp-1903
SCP-1908,Euclid,+180,Mr. Soap,19,14,3,https://iwasaki501.github.io/ternbusty/series2.html#scp-1908
SCP-1915,Euclid,+386,Status Quo,0,5,2,https://iwasaki501.github.io/ternbusty/series2.html#scp-1915
SCP-1920,Safe,+128,Turbine of the Future!,4,4,0,https://iwasaki501.github.io/ternbusty/series2.html#scp-1920
SCP-1921,Safe,+402,Black Cotton Candy,0,5,5,https://iwasaki501.github.io/ternbusty/series2.html#scp-1921
SCP-1940,Euclid,+96,The Anywhere Store,4,4,1,https://iwasaki501.github.io/ternbusty/series2.html#scp-1940
SCP-1972,Euclid,+407,The Whore and the Cop,1,3,1,https://iwasaki501.github.io/ternbusty/series2.html#scp-1972
SCP-1981,Safe,+1962,"""RONALD REAGAN CUT UP WHILE TALKING""",0,3,11,https://iwasaki501.github.io/ternbusty/series2.html#scp-1981
SCP-1982,Safe,+216,First Southern Fifthist,1,4,3,https://iwasaki501.github.io/ternbusty/series2.html#scp-1982
SCP-1984,Keter,+392,Dead Hand,0,5,1,https://iwasaki501.github.io/ternbusty/series2.html#scp-1984
SCP-1994,Keter,+189,Rot,32,6,0,https://iwasaki501.github.io/ternbusty/series2.html#scp-1994
SCP-2000,Thaumiel,+1843,Deus Ex Machina,8,42,25,https://iwasaki501.github.io/ternbusty/series3.html#scp-2000
SCP-2003,Thaumiel,+656,Preferred Option,1,5,3,https://iwasaki501.github.io/ternbusty/series3.html#scp-2003
SCP-2006,Keter,+1482,Too Spooky,51,31,20,https://iwasaki501.github.io/ternbusty/series3.html#scp-2006
SCP-2012,Euclid,+152,Perdidit in Tempore,50,26,13,https://iwasaki501.github.io/ternbusty/series3.html#scp-2012
SCP-2028,Safe,+198,Nightmare Snow Globes,1,5,2,https://iwasaki501.github.io/ternbusty/series3.html#scp-2028
SCP-2030,Keter,+1246,LA U GH IS F UN,4,6,5,https://iwasaki501.github.io/ternbusty/series3.html#scp-2030
SCP-2050,Safe,+171,Sciurine Crusaders,52,28,16,https://iwasaki501.github.io/ternbusty/series3.html#scp-2050
SCP-2060,Safe,+95,We Burn Every Day,72,23,1,https://iwasaki501.github.io/ternbusty/series3.html#scp-2060
SCP-2076,Keter,+306,"""Shooting Yourself Can Increase Your Bullet Resistance""",0,3,1,https://iwasaki501.github.io/ternbusty/series3.html#scp-2076
SCP-2082,Neutralized,+179,Elephas cryophilus,5,7,0,https://iwasaki501.github.io/ternbusty/series3.html#scp-2082
SCP-2090,Neutralized,+342,Potentially XK Tim Duncan,33,4,0,https://iwasaki501.github.io/ternbusty/series3.html#scp-2090
SCP-2095,Safe,+303,The Siege of Gyaros,1,3,3,https://iwasaki501.github.io/ternbusty/series3.html#scp-2095
SCP-2101,Euclid,+180,The Imperial Army,51,28,14,https://iwasaki501.github.io/ternbusty/series3.html#scp-2101
SCP-2111,Neutralized,+587,If You Can Read This‚Ä¶,1,5,9,https://iwasaki501.github.io/ternbusty/series3.html#scp-2111
SCP-2117,Thaumiel,+183,"Solidarity, Stolen",1,5,7,https://iwasaki501.github.io/ternbusty/series3.html#scp-2117
SCP-2120,Euclid,+194,Damage Control,33,4,0,https://iwasaki501.github.io/ternbusty/series3.html#scp-2120
SCP-2126,Safe,+126,Letter from Grandma,5,4,0,https://iwasaki501.github.io/ternbusty/series3.html#scp-2126
SCP-2140,Thaumiel,+340,Retroconverter,5,14,4,https://iwasaki501.github.io/ternbusty/series3.html#scp-2140
SCP-2143,Euclid,+73,Singin' in the Rain,71,23,0,https://iwasaki501.github.io/ternbusty/series3.html#scp-2143
SCP-2148,Euclid,+160,Mr. Stripes,20,15,8,https://iwasaki501.github.io/ternbusty/series3.html#scp-2148
SCP-2151,Safe,+235,The Ties That Bind Us,33,5,1,https://iwasaki501.github.io/ternbusty/series3.html#scp-2151
SCP-2155,Euclid,+85,The Mexica Government in Exile,0,4,0,https://iwasaki501.github.io/ternbusty/series3.html#scp-2155
SCP-2193,Keter,+387,"""Monthly Termination""",27,14,1,https://iwasaki501.github.io/ternbusty/series3.html#scp-2193
SCP-2201,Safe,+197,Cross-Dimensional Barbershop,52,26,15,https://iwasaki501.github.io/ternbusty/series3.html#scp-2201
SCP-2206,Euclid,+440,Maximum League Baseball,1,3,2,https://iwasaki501.github.io/ternbusty/series3.html#scp-2206
SCP-2210,Euclid,+161,Policy #40535: Anomalous Intelligence,71,24,0,https://iwasaki501.github.io/ternbusty/series3.html#scp-2210
SCP-2217,Thaumiel,+540,Hammer and Anvil,4,6,4,https://iwasaki501.github.io/ternbusty/series3.html#scp-2217
SCP-2226,Euclid,+118,Annihilation,5,5,1,https://iwasaki501.github.io/ternbusty/series3.html#scp-2226
SCP-2241,Euclid,+223,Cameron The Crusader,0,4,0,https://iwasaki501.github.io/ternbusty/series3.html#scp-2241
SCP-2256,Euclid,+625,Very Tall Things,0,3,1,https://iwasaki501.github.io/ternbusty/series3.html#scp-2256
SCP-2264,Safe,+648,In the Court of Alagadda,1,7,11,https://iwasaki501.github.io/ternbusty/series3.html#scp-2264
SCP-2270,Euclid,+255,An Unnecessary Utilization of Excessive Force,4,3,0,https://iwasaki501.github.io/ternbusty/series3.html#scp-2270
SCP-2271,Keter,+279,Factory Loans,33,4,0,https://iwasaki501.github.io/ternbusty/series3.html#scp-2271
SCP-2273,Euclid,+525,"Major Alexei Belitrov, of the Red Army's 22nd Armored Infantry Division",2,5,5,https://iwasaki501.github.io/ternbusty/series3.html#scp-2273
SCP-2284,Euclid,+257,Mr. Lie,22,17,4,https://iwasaki501.github.io/ternbusty/series3.html#scp-2284
SCP-2287,Safe,+213,Mr. Headless,19,16,2,https://iwasaki501.github.io/ternbusty/series3.html#scp-2287
SCP-2289,Euclid,+210,The Devils' Eyes,5,3,1,https://iwasaki501.github.io/ternbusty/series3.html#scp-2289
SCP-2293,Keter,+310,An Inside Joke,1,3,5,https://iwasaki501.github.io/ternbusty/series3.html#scp-2293
SCP-2301,Keter,+160,Slayer's Song,50,26,14,https://iwasaki501.github.io/ternbusty/series3.html#scp-2301
SCP-2304,Keter,+266,"""Like This Image To Die Instantly""",32,8,0,https://iwasaki501.github.io/ternbusty/series3.html#scp-2304
SCP-2305,Safe,+294,great ideas that are TOTALY USELESS (lulz),65,8,0,https://iwasaki501.github.io/ternbusty/series3.html#scp-2305
SCP-2316,Keter,+1262,Field Trip,5,13,5,https://iwasaki501.github.io/ternbusty/series3.html#scp-2316
SCP-2317,Keter,+2020,A Door to Another World,4,16,13,https://iwasaki501.github.io/ternbusty/series3.html#scp-2317
SCP-2336,Keter,+181,The Word,2,4,0,https://iwasaki501.github.io/ternbusty/series3.html#scp-2336
SCP-2337,Euclid,+605,"""Dr. Spanko""",0,8,12,https://iwasaki501.github.io/ternbusty/series3.html#scp-2337
SCP-2338,Euclid,+320,An Unorthodox Adoption,25,10,2,https://iwasaki501.github.io/ternbusty/series3.html#scp-2338
SCP-2350,Keter,+199,From the Mind of Malinalxochitl,78,25,3,https://iwasaki501.github.io/ternbusty/series3.html#scp-2350
SCP-2362,Keter,+146,Not a Planet,5,6,0,https://iwasaki501.github.io/ternbusty/series3.html#scp-2362
SCP-2378,Euclid,+60,Tissue Dome,3,3,0,https://iwasaki501.github.io/ternbusty/series3.html#scp-2378
SCP-2385,Keter,+178,Somewhere In The Between,22,13,1,https://iwasaki501.github.io/ternbusty/series3.html#scp-2385
SCP-2395,Euclid,+98,$585.98,5,4,1,https://iwasaki501.github.io/ternbusty/series3.html#scp-2395
SCP-2396,Euclid,+173,Ms. Sweetie,19,17,6,https://iwasaki501.github.io/ternbusty/series3.html#scp-2396
SCP-2398,Safe,+190,Home Run Bat,2,7,1,https://iwasaki501.github.io/ternbusty/series3.html#scp-2398
SCP-2399,Keter,+787,A Malfunctioning Destroyer,35,9,2,https://iwasaki501.github.io/ternbusty/series3.html#scp-2399
SCP-2400,Thaumiel,+242,Temporal Dilation Facility,1,9,1,https://iwasaki501.github.io/ternbusty/series3.html#scp-2400
SCP-2404,Euclid,+161,Enki & Enki,1,3,0,https://iwasaki501.github.io/ternbusty/series3.html#scp-2404
SCP-2406,Safe,+392,The Colossus,1,8,1,https://iwasaki501.github.io/ternbusty/series3.html#scp-2406
SCP-2408,Keter,+296,Orok's Fall,1,8,0,https://iwasaki501.github.io/ternbusty/series3.html#scp-2408
SCP-2417,Safe,+196,"Gods, the Universes, and Origami",8,3,2,https://iwasaki501.github.io/ternbusty/series3.html#scp-2417
SCP-2419,Euclid,+439,The Laughing Men,28,38,9,https://iwasaki501.github.io/ternbusty/series3.html#scp-2419
SCP-2428,Safe,+252,Mr. Mad,20,15,3,https://iwasaki501.github.io/ternbusty/series3.html#scp-2428
SCP-2433,Euclid,+251,This definitely does not help Bernie Sanders,0,3,3,https://iwasaki501.github.io/ternbusty/series3.html#scp-2433
SCP-2440,Keter,+134,The Sealed King,52,27,13,https://iwasaki501.github.io/ternbusty/series3.html#scp-2440
SCP-2445,Safe,+250,Wondertainment Logistics,32,3,0,https://iwasaki501.github.io/ternbusty/series3.html#scp-2445
SCP-2454,Euclid,+48,How To Train Your Axolotl,8,8,4,https://iwasaki501.github.io/ternbusty/series3.html#scp-2454
SCP-2460,Keter,+362,Dark Satellite,3,3,0,https://iwasaki501.github.io/ternbusty/series3.html#scp-2460
SCP-2467,Keter,+163,A Sum Greater Than Its Parts,0,3,0,https://iwasaki501.github.io/ternbusty/series3.html#scp-2467
SCP-2476,Euclid,+57,I Didn't Expect That,18,14,4,https://iwasaki501.github.io/ternbusty/series3.html#scp-2476
SCP-2480,Neutralized,+538,An Unfinished Ritual,3,4,1,https://iwasaki501.github.io/ternbusty/series3.html#scp-2480
SCP-2481,Euclid,+295,Kill the Suns,4,5,2,https://iwasaki501.github.io/ternbusty/series3.html#scp-2481
SCP-2490,Keter,+207,Chaos Insurgency Special Operative Alpha-19,78,25,0,https://iwasaki501.github.io/ternbusty/series3.html#scp-2490
SCP-2493,Euclid,+184,One Man's Garbage,1,3,0,https://iwasaki501.github.io/ternbusty/series3.html#scp-2493
SCP-2498,Neutralized,+200,The Rainbow Body,5,4,2,https://iwasaki501.github.io/ternbusty/series3.html#scp-2498
SCP-2499,Safe,+143,Harmony of the Spheres,50,27,13,https://iwasaki501.github.io/ternbusty/series3.html#scp-2499
SCP-2521,Keter,+4399,‚óè‚óè|‚óè‚óè‚óè‚óè‚óè|‚óè‚óè|‚óè,0,7,8,https://iwasaki501.github.io/ternbusty/series3.html#scp-2521
SCP-2522,Euclid,+261,hatbot.aic,5,6,7,https://iwasaki501.github.io/ternbusty/series3.html#scp-2522
SCP-2539,Euclid,+208,Highway to Hell,0,3,0,https://iwasaki501.github.io/ternbusty/series3.html#scp-2539
SCP-2540,Euclid,+266,Time Lime,32,3,0,https://iwasaki501.github.io/ternbusty/series3.html#scp-2540
SCP-2547,Keter,+370,Dog Days Of Summer,1,6,3,https://iwasaki501.github.io/ternbusty/series3.html#scp-2547
SCP-2559,Keter,+204,"""I've Heard There's Something Going Around""",27,13,3,https://iwasaki501.github.io/ternbusty/series3.html#scp-2559
SCP-2562,Euclid,+137,RTFM,19,14,3,https://iwasaki501.github.io/ternbusty/series3.html#scp-2562
SCP-2570,Euclid,+77,MCA and Heartbreak,72,24,0,https://iwasaki501.github.io/ternbusty/series3.html#scp-2570
SCP-2571,Euclid,+504,Cragglewood Park,26,35,5,https://iwasaki501.github.io/ternbusty/series3.html#scp-2571
SCP-2576,Euclid,+231,Joseph and the Technicolor Dream Goat,1,9,0,https://iwasaki501.github.io/ternbusty/series3.html#scp-2576
SCP-2578,Keter,+351,"""This Machine Kills Fascists""",4,8,0,https://iwasaki501.github.io/ternbusty/series3.html#scp-2578
SCP-2586,Euclid,+153,That's Not My Name,19,16,4,https://iwasaki501.github.io/ternbusty/series3.html#scp-2586
SCP-2588,Euclid,+79,The Collective Consciousness of Arthur H. Jones,51,26,13,https://iwasaki501.github.io/ternbusty/series3.html#scp-2588
SCP-2598,Safe,+461,Traveling Moth Salesman,31,5,1,https://iwasaki501.github.io/ternbusty/series3.html#scp-2598
SCP-2599,Euclid,+645,Not Good Enough,52,31,15,https://iwasaki501.github.io/ternbusty/series3.html#scp-2599
SCP-2602,Others,+876,Exbibliothetic,1,3,0,https://iwasaki501.github.io/ternbusty/series3.html#scp-2602
SCP-2625,Euclid,+81,Chipperee Mine,50,26,13,https://iwasaki501.github.io/ternbusty/series3.html#scp-2625
SCP-2635,Euclid,+233,Hot Potato,2,3,0,https://iwasaki501.github.io/ternbusty/series3.html#scp-2635
SCP-2639,Euclid,+569,Video Game Violence,26,36,5,https://iwasaki501.github.io/ternbusty/series3.html#scp-2639
SCP-2649,Euclid,+111,Multidimensional Ceramic Omnivore,0,3,0,https://iwasaki501.github.io/ternbusty/series3.html#scp-2649
SCP-2650,Euclid,+86,Pediatric Pupaphobia,73,23,0,https://iwasaki501.github.io/ternbusty/series3.html#scp-2650
SCP-2651,Safe,+85,Gazing Upon a Failed Future,8,5,1,https://iwasaki501.github.io/ternbusty/series3.html#scp-2651
SCP-2662,Keter,+1191,cthulhu f'UCK OFF!,0,5,1,https://iwasaki501.github.io/ternbusty/series3.html#scp-2662
SCP-2664,Neutralized,+292,Redline,85,30,4,https://iwasaki501.github.io/ternbusty/series3.html#scp-2664
SCP-2669,Keter,+602,Khevtuul 1,3,5,2,https://iwasaki501.github.io/ternbusty/series3.html#scp-2669
SCP-2670,Euclid,+196,Somebody Else's God,33,6,0,https://iwasaki501.github.io/ternbusty/series3.html#scp-2670
SCP-2679,Euclid,+277,The Many Graves of Jeannette Parslov,26,35,6,https://iwasaki501.github.io/ternbusty/series3.html#scp-2679
SCP-2680,Keter,+194,The Gorillas Simply Freeze to Death,74,24,1,https://iwasaki501.github.io/ternbusty/series3.html#scp-2680
SCP-2700,Keter,+526,Teleforce,0,4,0,https://iwasaki501.github.io/ternbusty/series3.html#scp-2700
SCP-2711,Safe,+141,ÂÆöÊµ∑Á•ûÈíà Â¶ÇÊÑèÈáëÁÆçÊ£í,1,3,0,https://iwasaki501.github.io/ternbusty/series3.html#scp-2711
SCP-2718,Others,+1097,What Happens After,0,7,2,https://iwasaki501.github.io/ternbusty/series3.html#scp-2718
SCP-2719,Keter,+613,Inside,0,13,6,https://iwasaki501.github.io/ternbusty/series3.html#scp-2719
SCP-2730,Euclid,+245,Q U A C K - Q U A C K,74,23,0,https://iwasaki501.github.io/ternbusty/series3.html#scp-2730
SCP-2731,Euclid,+250,When Hell Freezes Over,1,3,1,https://iwasaki501.github.io/ternbusty/series3.html#scp-2731
SCP-2736,Neutralized,+201,The Age of Nixon,1,3,0,https://iwasaki501.github.io/ternbusty/series3.html#scp-2736
SCP-2740,Euclid,+609,It Wasn't There,33,8,3,https://iwasaki501.github.io/ternbusty/series3.html#scp-2740
SCP-2746,Euclid,+351,‚ñà‚ñà‚ñà‚ñà is dead.,1,5,0,https://iwasaki501.github.io/ternbusty/series3.html#scp-2746
SCP-2747,Keter,+662,"As below, so above",3,12,10,https://iwasaki501.github.io/ternbusty/series3.html#scp-2747
SCP-2750,Euclid,+219,Navajo Skinwalkers,49,29,13,https://iwasaki501.github.io/ternbusty/series3.html#scp-2750
SCP-2753,Keter,+112,Let's Play Jenga!,30,34,5,https://iwasaki501.github.io/ternbusty/series3.html#scp-2753
SCP-2766,Safe,+85,Aqua Caligula,0,4,0,https://iwasaki501.github.io/ternbusty/series3.html#scp-2766
SCP-2775,Euclid,+133,Bootleg Hoomans,49,26,13,https://iwasaki501.github.io/ternbusty/series3.html#scp-2775
SCP-2776,Euclid,+270,Mr. President,2,5,0,https://iwasaki501.github.io/ternbusty/series3.html#scp-2776
SCP-2779,Safe,+269,Oinkers üê∑,25,10,1,https://iwasaki501.github.io/ternbusty/series3.html#scp-2779
SCP-2790,Others,+367,You've Got a Squid in Me,75,23,0,https://iwasaki501.github.io/ternbusty/series3.html#scp-2790
SCP-2798,Thaumiel,+354,This Dying World,7,5,1,https://iwasaki501.github.io/ternbusty/series3.html#scp-2798
SCP-2800,Safe,+451,Cactusman,54,27,16,https://iwasaki501.github.io/ternbusty/series3.html#scp-2800
SCP-2803,Keter,+177,"TotleighSoft - ""Because COMPUTERS!""‚Ñ¢",4,6,0,https://iwasaki501.github.io/ternbusty/series3.html#scp-2803
SCP-2805,Euclid,+309,Disney on Ice,3,3,2,https://iwasaki501.github.io/ternbusty/series3.html#scp-2805
SCP-2810,Euclid,+222,Turtles All the Way Down,76,23,0,https://iwasaki501.github.io/ternbusty/series3.html#scp-2810
SCP-2812,Euclid,+185,Echoes of Yesterday,33,5,0,https://iwasaki501.github.io/ternbusty/series3.html#scp-2812
SCP-2818,Safe,+228,A Gun That Shoots People,3,5,0,https://iwasaki501.github.io/ternbusty/series3.html#scp-2818
SCP-2820,Keter,+347,Vaishnavastra,82,28,1,https://iwasaki501.github.io/ternbusty/series3.html#scp-2820
SCP-2821,Keter,+217,A Lunar True Vacuum,5,9,1,https://iwasaki501.github.io/ternbusty/series3.html#scp-2821
SCP-2829,Euclid,+113,Liposlugtion,3,3,1,https://iwasaki501.github.io/ternbusty/series3.html#scp-2829
SCP-2839,Others,+208,Dr Weppler's Personnel File,19,14,3,https://iwasaki501.github.io/ternbusty/series3.html#scp-2839
SCP-2842,Euclid,+203,"It's A Meme, You Dip",18,17,3,https://iwasaki501.github.io/ternbusty/series3.html#scp-2842
SCP-2844,Keter,+216,Gary of the Paperclips,33,4,0,https://iwasaki501.github.io/ternbusty/series3.html#scp-2844
SCP-2845,Keter,+507,THE DEER,1,8,8,https://iwasaki501.github.io/ternbusty/series3.html#scp-2845
SCP-2846,Keter,+259,The Squid and the Sailor,32,5,0,https://iwasaki501.github.io/ternbusty/series3.html#scp-2846
SCP-2849,Neutralized,+82,Insect Hospital,3,3,1,https://iwasaki501.github.io/ternbusty/series3.html#scp-2849
SCP-2852,Keter,+610,Cousin Johnny,1,6,8,https://iwasaki501.github.io/ternbusty/series3.html#scp-2852
SCP-2855,Euclid,+203,Mr. Money,20,19,4,https://iwasaki501.github.io/ternbusty/series3.html#scp-2855
SCP-2875,Keter,+649,The Town That Got Fucked By Bears,32,10,2,https://iwasaki501.github.io/ternbusty/series3.html#scp-2875
SCP-2876,Euclid,+190,Dream A Little Dream,2,4,0,https://iwasaki501.github.io/ternbusty/series3.html#scp-2876
SCP-2893,Neutralized,+87,A Bubble In Time,2,3,0,https://iwasaki501.github.io/ternbusty/series3.html#scp-2893
SCP-2895,Euclid,+113,Stingy,0,3,0,https://iwasaki501.github.io/ternbusty/series3.html#scp-2895
SCP-2896,Euclid,+48,"To Sleep, Perchance to Dream (of Freedom)",49,26,13,https://iwasaki501.github.io/ternbusty/series3.html#scp-2896
SCP-2897,Thaumiel,+246,The Bard of Analytics,2,12,2,https://iwasaki501.github.io/ternbusty/series3.html#scp-2897
SCP-2910,Euclid,+97,That Only a Mother,77,24,0,https://iwasaki501.github.io/ternbusty/series3.html#scp-2910
SCP-2922,Euclid,+468,Notes From the Under,1,10,2,https://iwasaki501.github.io/ternbusty/series3.html#scp-2922
SCP-2923,Safe,+207,X-Men Syndrome,24,15,1,https://iwasaki501.github.io/ternbusty/series3.html#scp-2923
SCP-2925,Euclid,+118,Sphere of Influence,52,26,13,https://iwasaki501.github.io/ternbusty/series3.html#scp-2925
SCP-2932,Thaumiel,+422,Titania's Prison,34,9,2,https://iwasaki501.github.io/ternbusty/series3.html#scp-2932
SCP-2933,Euclid,+345,Mr. Scary,20,19,3,https://iwasaki501.github.io/ternbusty/series3.html#scp-2933
SCP-2935,Keter,+1563,"O, Death",8,14,5,https://iwasaki501.github.io/ternbusty/series3.html#scp-2935
SCP-2940,Euclid,+110,The Light Courier,4,5,0,https://iwasaki501.github.io/ternbusty/series3.html#scp-2940
SCP-2950,Keter,+664,Just A Chair,51,27,14,https://iwasaki501.github.io/ternbusty/series3.html#scp-2950
SCP-2951,Euclid,+301,"10,000 Years",6,4,1,https://iwasaki501.github.io/ternbusty/series3.html#scp-2951
SCP-2952,Safe,+595,Conveyance Of Regional Gwerin Internationally,2,5,1,https://iwasaki501.github.io/ternbusty/series3.html#scp-2952
SCP-2980,Safe,+379,Devil's Nightlight,33,5,0,https://iwasaki501.github.io/ternbusty/series3.html#scp-2980
SCP-2983,Safe,+105,Choco-Wonder Explosion Marshmallow Bites!‚Ñ¢ by Dr. Wondertainment,44,15,7,https://iwasaki501.github.io/ternbusty/series3.html#scp-2983
SCP-2995,Keter,+231,Radiant Son,0,6,1,https://iwasaki501.github.io/ternbusty/series3.html#scp-2995
SCP-2996,Neutralized,+315,ERROR / ERROR,4,9,1,https://iwasaki501.github.io/ternbusty/series3.html#scp-2996
SCP-3000,Thaumiel,+1904,Ananteshesha,1,52,16,https://iwasaki501.github.io/ternbusty/series4.html#scp-3000
SCP-3001,Euclid,+1883,Red Reality,2,12,9,https://iwasaki501.github.io/ternbusty/series4.html#scp-3001
SCP-3003,Keter,+753,The End of History,1,3,1,https://iwasaki501.github.io/ternbusty/series4.html#scp-3003
SCP-3004,Keter,+523,Imago,1,7,3,https://iwasaki501.github.io/ternbusty/series4.html#scp-3004
SCP-3005,Others,+551,A Light That Died,0,3,3,https://iwasaki501.github.io/ternbusty/series4.html#scp-3005
SCP-3008,Euclid,+2354,"A Perfectly Normal, Regular Old IKEA",5,7,8,https://iwasaki501.github.io/ternbusty/series4.html#scp-3008
SCP-3012,Keter,+191,"Smoke the Reefer, Meet the Reaper",19,13,5,https://iwasaki501.github.io/ternbusty/series4.html#scp-3012
SCP-3015,Safe,+82,"A Story Concerning Self-Doubt, Slight Disillusionment, and Frustration, As Told By the Lucky Member of a Group Whose Relatable Works Are Loved Internationally",25,14,4,https://iwasaki501.github.io/ternbusty/series4.html#scp-3015
SCP-3024,Euclid,+134,The Doxx Ghost,19,13,4,https://iwasaki501.github.io/ternbusty/series4.html#scp-3024
SCP-3034,Euclid,+634,The Counting Station,27,37,7,https://iwasaki501.github.io/ternbusty/series4.html#scp-3034
SCP-3035,Safe,+366,Science Bugs,26,35,6,https://iwasaki501.github.io/ternbusty/series4.html#scp-3035
SCP-3036,Euclid,+118,"Stretchy, Clown-Hunter Extraordinaire",8,5,5,https://iwasaki501.github.io/ternbusty/series4.html#scp-3036
SCP-3042,Euclid,+78,Dog Is Love,4,4,0,https://iwasaki501.github.io/ternbusty/series4.html#scp-3042
SCP-3043,Neutralized,+463,Murphy Law in‚Ä¶ Type 3043 ‚Äî FOR MURDER!,28,37,6,https://iwasaki501.github.io/ternbusty/series4.html#scp-3043
SCP-3045,Safe,+513,bzzip.exe,26,35,6,https://iwasaki501.github.io/ternbusty/series4.html#scp-3045
SCP-3054,Keter,+283,Cragstaff Sanitarium,25,35,5,https://iwasaki501.github.io/ternbusty/series4.html#scp-3054
SCP-3057,Keter,+164,Fossil Fuels,27,37,5,https://iwasaki501.github.io/ternbusty/series4.html#scp-3057
SCP-3060,Keter,+212,Sleep Paralysis,5,5,1,https://iwasaki501.github.io/ternbusty/series4.html#scp-3060
SCP-3066,Keter,+79,Absurdity,1,3,0,https://iwasaki501.github.io/ternbusty/series4.html#scp-3066
SCP-3074,Euclid,+321,Kafka's Parking Garage,25,35,5,https://iwasaki501.github.io/ternbusty/series4.html#scp-3074
SCP-3079,Euclid,+161,300 Tricks: Stage Magic Made Easy,25,34,5,https://iwasaki501.github.io/ternbusty/series4.html#scp-3079
SCP-3088,Neutralized,+330,Law Of The Land,0,4,0,https://iwasaki501.github.io/ternbusty/series4.html#scp-3088
SCP-3089,Keter,+131,That Old Time Religion,29,34,6,https://iwasaki501.github.io/ternbusty/series4.html#scp-3089
SCP-3090,Euclid,+247,This girl's gone bad on a game attack!,25,13,9,https://iwasaki501.github.io/ternbusty/series4.html#scp-3090
SCP-3095,Thaumiel,+260,Bird is the Word,0,6,5,https://iwasaki501.github.io/ternbusty/series4.html#scp-3095
SCP-3108,Safe,+425,The Nerfing Gun,5,4,1,https://iwasaki501.github.io/ternbusty/series4.html#scp-3108
SCP-3117,Euclid,+268,A Monster-Shaped Hole,27,34,5,https://iwasaki501.github.io/ternbusty/series4.html#scp-3117
SCP-3122,Euclid,+209,You Have Reached Your Destination,1,3,0,https://iwasaki501.github.io/ternbusty/series4.html#scp-3122
SCP-3123,Euclid,+184,Insult To Injury,70,11,2,https://iwasaki501.github.io/ternbusty/series4.html#scp-3123
SCP-3125,Keter,+891,The Escapee,0,12,6,https://iwasaki501.github.io/ternbusty/series4.html#scp-3125
SCP-3128,Safe,+335,Let's Play Monopoly!,25,34,5,https://iwasaki501.github.io/ternbusty/series4.html#scp-3128
SCP-3138,Euclid,+157,A Sepulcher by the Sea,27,34,6,https://iwasaki501.github.io/ternbusty/series4.html#scp-3138
SCP-3140,Safe,+130,Botanical Warfare,8,8,1,https://iwasaki501.github.io/ternbusty/series4.html#scp-3140
SCP-3143,Euclid,+318,Murphy Law in‚Ä¶ The Foundation Always Rings Twice!,32,35,7,https://iwasaki501.github.io/ternbusty/series4.html#scp-3143
SCP-3150,Thaumiel,+211,The Caravanserai at the End of the World,1,3,1,https://iwasaki501.github.io/ternbusty/series4.html#scp-3150
SCP-3154,Safe,+196,Terminal State Inducer,0,3,0,https://iwasaki501.github.io/ternbusty/series4.html#scp-3154
SCP-3163,Safe,+88,The Almanack,5,4,1,https://iwasaki501.github.io/ternbusty/series4.html#scp-3163
SCP-3199,Keter,+742,"Humans, Refuted",0,5,1,https://iwasaki501.github.io/ternbusty/series4.html#scp-3199
SCP-3200,Keter,+403,Chronos,49,30,14,https://iwasaki501.github.io/ternbusty/series4.html#scp-3200
SCP-3203,Thaumiel,+51,The Swiss Bank Account,0,12,2,https://iwasaki501.github.io/ternbusty/series4.html#scp-3203
SCP-3219,Euclid,+215,This Sour Earth,26,35,5,https://iwasaki501.github.io/ternbusty/series4.html#scp-3219
SCP-3220,Safe,+303,Panopticon II,79,26,1,https://iwasaki501.github.io/ternbusty/series4.html#scp-3220
SCP-3224,Euclid,+72,Family Tree,23,9,2,https://iwasaki501.github.io/ternbusty/series4.html#scp-3224
SCP-3226,Safe,+133,HEADBONES‚Ñ¢!!,5,4,0,https://iwasaki501.github.io/ternbusty/series4.html#scp-3226
SCP-3238,Safe,+212,dado juice,0,3,0,https://iwasaki501.github.io/ternbusty/series4.html#scp-3238
SCP-3240,Neutralized,+350,The Bones Of What You Believe,3,3,0,https://iwasaki501.github.io/ternbusty/series4.html#scp-3240
SCP-3241,Keter,+342,The SS Sommerfeld,31,35,7,https://iwasaki501.github.io/ternbusty/series4.html#scp-3241
SCP-3246,Thaumiel,+116,A Nice Old Lady,26,14,1,https://iwasaki501.github.io/ternbusty/series4.html#scp-3246
SCP-3247,Euclid,+111,A Magic Mime and his Mighty Morphin' Method Acting Spider Kids,22,13,1,https://iwasaki501.github.io/ternbusty/series4.html#scp-3247
SCP-3280,Euclid,+422,After the Storm,26,13,1,https://iwasaki501.github.io/ternbusty/series4.html#scp-3280
SCP-3286,Euclid,+37,Sea Legs,0,15,0,https://iwasaki501.github.io/ternbusty/series4.html#scp-3286
SCP-3293,Neutralized,+137,You Can't Go Home,2,3,0,https://iwasaki501.github.io/ternbusty/series4.html#scp-3293
SCP-3297,Euclid,+48,Gramma Always Remembers.,31,14,7,https://iwasaki501.github.io/ternbusty/series4.html#scp-3297
SCP-3300,Euclid,+561,The Rain,0,3,0,https://iwasaki501.github.io/ternbusty/series4.html#scp-3300
SCP-3305,Euclid,+351,"The Father, The Son, and The Holy Toast",71,11,2,https://iwasaki501.github.io/ternbusty/series4.html#scp-3305
SCP-3309,Thaumiel,+616,"Where We Go When We Fade, Fade Away",6,16,13,https://iwasaki501.github.io/ternbusty/series4.html#scp-3309
SCP-3311,Euclid,+215,All the Little Chairs,3,4,0,https://iwasaki501.github.io/ternbusty/series4.html#scp-3311
SCP-3319,Thaumiel,+295,The Clusterfuckalypse,1,4,1,https://iwasaki501.github.io/ternbusty/series4.html#scp-3319
SCP-3355,Safe,+257,St. Nick,2,9,0,https://iwasaki501.github.io/ternbusty/series4.html#scp-3355
SCP-3360,Euclid,+133,"Proletariart, by San Francisco Jones",73,23,0,https://iwasaki501.github.io/ternbusty/series4.html#scp-3360
SCP-3373,Euclid,+87,Our Whole Universe was in a Hot Dense State,2,10,1,https://iwasaki501.github.io/ternbusty/series4.html#scp-3373
SCP-3379,Euclid,+249,D-11424 and the Arctic Meat Hole of Infinite Wonders,3,4,2,https://iwasaki501.github.io/ternbusty/series4.html#scp-3379
SCP-3388,Euclid,+390,Cacthulhu,0,14,7,https://iwasaki501.github.io/ternbusty/series4.html#scp-3388
SCP-3393,Euclid,+829,For Your Eyes Only,69,11,2,https://iwasaki501.github.io/ternbusty/series4.html#scp-3393
SCP-3396,Others,+296,The Empyrean Parasite,23,14,6,https://iwasaki501.github.io/ternbusty/series4.html#scp-3396
SCP-3399,Safe,+157,Family Tree,0,3,0,https://iwasaki501.github.io/ternbusty/series4.html#scp-3399
SCP-3405,Keter,+42,How To Get Away With Murder Without Really Trying,0,12,2,https://iwasaki501.github.io/ternbusty/series4.html#scp-3405
SCP-3417,Euclid,+121,The Preachers of Globular Cluster Terzan 2,9,4,3,https://iwasaki501.github.io/ternbusty/series4.html#scp-3417
SCP-3448,Thaumiel,+423,Halfterlife,71,12,6,https://iwasaki501.github.io/ternbusty/series4.html#scp-3448
SCP-3449,Keter,+278,The Things Left Unsaid,71,11,5,https://iwasaki501.github.io/ternbusty/series4.html#scp-3449
SCP-3456,Keter,+397,The Orcadian Horsemen,0,4,2,https://iwasaki501.github.io/ternbusty/series4.html#scp-3456
SCP-3457,Keter,+120,The Rite of Solomon,1,4,5,https://iwasaki501.github.io/ternbusty/series4.html#scp-3457
SCP-3462,Keter,+73,"Lights, Camera, REDACTION",18,14,0,https://iwasaki501.github.io/ternbusty/series4.html#scp-3462
SCP-3464,Neutralized,+73,Olive Garden regularly communes with DEMONIC ENTITIES to summon their SATANIC sempiternal garlic bread,53,9,9,https://iwasaki501.github.io/ternbusty/series4.html#scp-3464
SCP-3466,Euclid,+239,Only Birdbrains Live the American Dream,4,3,2,https://iwasaki501.github.io/ternbusty/series4.html#scp-3466
SCP-3470,Euclid,+177,Harry Potter's Revenge,72,23,0,https://iwasaki501.github.io/ternbusty/series4.html#scp-3470
SCP-3476,Safe,+29,A Place to Sever Stranded Heartstrings // Alex's Fountain,11,5,0,https://iwasaki501.github.io/ternbusty/series4.html#scp-3476
SCP-3480,Keter,+330,Olympus Mons,5,9,2,https://iwasaki501.github.io/ternbusty/series4.html#scp-3480
SCP-3481,Safe,+40,Glorious Sounds,1,12,2,https://iwasaki501.github.io/ternbusty/series4.html#scp-3481
SCP-3494,Safe,+293,Waste Management by dado,2,5,1,https://iwasaki501.github.io/ternbusty/series4.html#scp-3494
SCP-3500,Euclid,+170,"Instructions Unclear, Got Dick Stuck in Canon üçÜ‚û°Ô∏èüìï",18,10,2,https://iwasaki501.github.io/ternbusty/series4.html#scp-3500
SCP-3504,Safe,+123,"""And how will we know you are one of us?""",56,10,1,https://iwasaki501.github.io/ternbusty/series4.html#scp-3504
SCP-3511,Neutralized,+177,Reach Out And Touch,0,12,2,https://iwasaki501.github.io/ternbusty/series4.html#scp-3511
SCP-3519,Neutralized,+657,These Quiet Days,7,3,2,https://iwasaki501.github.io/ternbusty/series4.html#scp-3519
SCP-3521,Safe,+580,Forced Banana Equivalent Dose by dado,2,9,1,https://iwasaki501.github.io/ternbusty/series4.html#scp-3521
SCP-3529,Euclid,+256,snake = snek = cute ^~^,8,6,2,https://iwasaki501.github.io/ternbusty/series4.html#scp-3529
SCP-3536,Safe,+128,Bacteriophage Enabler,0,6,0,https://iwasaki501.github.io/ternbusty/series4.html#scp-3536
SCP-3537,Euclid,+66,Mr. Shapey,19,14,4,https://iwasaki501.github.io/ternbusty/series4.html#scp-3537
SCP-3546,Neutralized,+172,"Doggone it, I Fold!",26,34,5,https://iwasaki501.github.io/ternbusty/series4.html#scp-3546
SCP-3559,Safe,+86,Best Thing Since,20,9,1,https://iwasaki501.github.io/ternbusty/series4.html#scp-3559
SCP-3560,Euclid,+226,All Robots go to Limbo,11,3,12,https://iwasaki501.github.io/ternbusty/series4.html#scp-3560
SCP-3561,Safe,+164,An Unfinished Work,25,34,5,https://iwasaki501.github.io/ternbusty/series4.html#scp-3561
SCP-3570,Others,+145,Umbral Ultimatum,60,11,12,https://iwasaki501.github.io/ternbusty/series4.html#scp-3570
SCP-3588,Safe,+128,Cheers,22,13,3,https://iwasaki501.github.io/ternbusty/series4.html#scp-3588
SCP-3597,Euclid,+194,Maladroit,17,10,0,https://iwasaki501.github.io/ternbusty/series4.html#scp-3597
SCP-3615,Keter,+83,Depressed Divine Demon of Diptera & Diarrhea,8,3,0,https://iwasaki501.github.io/ternbusty/series4.html#scp-3615
SCP-3625,Keter,+111,The Great American Meme Machine,2,4,0,https://iwasaki501.github.io/ternbusty/series4.html#scp-3625
SCP-3633,Safe,+150,I'm Right Behind Me,1,12,2,https://iwasaki501.github.io/ternbusty/series4.html#scp-3633
SCP-3640,Keter,+213,Escape from the House of Mouse,76,23,1,https://iwasaki501.github.io/ternbusty/series4.html#scp-3640
SCP-3650,Safe,+85,Wanderlust,1,12,3,https://iwasaki501.github.io/ternbusty/series4.html#scp-3650
SCP-3662,Safe,+251,The Doomsday Clock,5,6,4,https://iwasaki501.github.io/ternbusty/series4.html#scp-3662
SCP-3667,Thaumiel,+274,All's Well that Ends Hell,1,3,0,https://iwasaki501.github.io/ternbusty/series4.html#scp-3667
SCP-3688,Thaumiel,+411,You Can Dance If You Want To,2,3,1,https://iwasaki501.github.io/ternbusty/series4.html#scp-3688
SCP-3693,Euclid,+260,"Postscript - Through A Glass, Darkly",2,7,0,https://iwasaki501.github.io/ternbusty/series4.html#scp-3693
SCP-3697,Euclid,+118,"""Let Me Redirect You Right Now""",18,13,3,https://iwasaki501.github.io/ternbusty/series4.html#scp-3697
SCP-3703,Thaumiel,+113,"From Death, We Contain",3,5,0,https://iwasaki501.github.io/ternbusty/series4.html#scp-3703
SCP-3719,Safe,+71,Your Friendly Neighbourhood Lawnmower,49,9,9,https://iwasaki501.github.io/ternbusty/series4.html#scp-3719
SCP-3739,Keter,+202,"Mind-Milk‚Ñ¢ by Moosphere, Inc.",10,13,10,https://iwasaki501.github.io/ternbusty/series4.html#scp-3739
SCP-3740,Keter,+644,God Is Dumb,2,6,0,https://iwasaki501.github.io/ternbusty/series4.html#scp-3740
SCP-3746,Keter,+81,ü¶Ä MOM'S DEAD ü¶Ä,0,9,0,https://iwasaki501.github.io/ternbusty/series4.html#scp-3746
SCP-3756,Safe,+74,"In Space, No One Can Hear Yee-haw!",31,12,8,https://iwasaki501.github.io/ternbusty/series4.html#scp-3756
SCP-3767,Euclid,+149,Additional Baggage Fee,0,12,2,https://iwasaki501.github.io/ternbusty/series4.html#scp-3767
SCP-3771,Safe,+55,Americans Be Eating Cheesed Burger,0,3,0,https://iwasaki501.github.io/ternbusty/series4.html#scp-3771
SCP-3772,Safe,+145,üòÇ WHO DID THIS üòÇ,22,9,1,https://iwasaki501.github.io/ternbusty/series4.html#scp-3772
SCP-3773,Safe,+159,"9,000 Lives",2,3,2,https://iwasaki501.github.io/ternbusty/series4.html#scp-3773
SCP-3780,Keter,+310,Who Shot J.F.K.?,89,28,1,https://iwasaki501.github.io/ternbusty/series4.html#scp-3780
SCP-3785,Euclid,+137,Jasper's Hill,2,3,0,https://iwasaki501.github.io/ternbusty/series4.html#scp-3785
SCP-3787,Others,+95,The Horse Meme,52,11,10,https://iwasaki501.github.io/ternbusty/series4.html#scp-3787
SCP-3790,Safe,+419,Department of Abnormalities,5,14,1,https://iwasaki501.github.io/ternbusty/series4.html#scp-3790
SCP-3797,Thaumiel,+205,The Once and Future Gun,8,3,0,https://iwasaki501.github.io/ternbusty/series4.html#scp-3797
SCP-3799,Safe,+471,A Short History of Snowfall,1,5,0,https://iwasaki501.github.io/ternbusty/series4.html#scp-3799
SCP-3802,Safe,+179,hare growth by dado,0,3,0,https://iwasaki501.github.io/ternbusty/series4.html#scp-3802
SCP-3803,Safe,+181,"Custom-Made Business Cards, On the Go!",33,15,10,https://iwasaki501.github.io/ternbusty/series4.html#scp-3803
SCP-3812,Keter,+510,A Voice Behind Me,9,7,0,https://iwasaki501.github.io/ternbusty/series4.html#scp-3812
SCP-3813,Keter,+182,The Fall of Hyperion,2,3,0,https://iwasaki501.github.io/ternbusty/series4.html#scp-3813
SCP-3844,Neutralized,+343,To Slay A Dragon,69,11,2,https://iwasaki501.github.io/ternbusty/series4.html#scp-3844
SCP-3848,Keter,+307,History Exists for the Memorable,1,3,10,https://iwasaki501.github.io/ternbusty/series4.html#scp-3848
SCP-3850,Euclid,+133,I Can't Drown My Demons,73,23,0,https://iwasaki501.github.io/ternbusty/series4.html#scp-3850
SCP-3862,Euclid,+75,The Gentleman Karcist,7,5,0,https://iwasaki501.github.io/ternbusty/series4.html#scp-3862
SCP-3863,Euclid,+124,Hole-y cow! I can't bee-lieve it!,31,16,11,https://iwasaki501.github.io/ternbusty/series4.html#scp-3863
SCP-3866,Safe,+313,Youth In Asia by dado,1,12,5,https://iwasaki501.github.io/ternbusty/series4.html#scp-3866
SCP-3867,Euclid,+227,‚ô°‚ô°‚ô°Sweet Cats & Perfect Dogs!‚ô°‚ô°‚ô°,34,17,6,https://iwasaki501.github.io/ternbusty/series4.html#scp-3867
SCP-3874,Neutralized,+108,Six-Hundred To One,34,17,7,https://iwasaki501.github.io/ternbusty/series4.html#scp-3874
SCP-3879,Euclid,+101,Musical Jolly Ape‚Ñ¢ by Dr. Wondertainment,38,17,13,https://iwasaki501.github.io/ternbusty/series4.html#scp-3879
SCP-3880,Keter,+276,"ILLEST RAIN SOUNDS ‚àû Hours No Looping - White Noise, Nature/Healing/Ambient, Meditation/Insomnia/Study ASMR [ORIGINAL]",22,9,1,https://iwasaki501.github.io/ternbusty/series4.html#scp-3880
SCP-3884,Keter,+177,Gunmetal Gary Puts the Peddle to the Metal,23,14,5,https://iwasaki501.github.io/ternbusty/series4.html#scp-3884
SCP-3885,Safe,+272,The High-Octane Full-Throttle Adventures of the Exploding Zombie Gearheads,22,12,8,https://iwasaki501.github.io/ternbusty/series4.html#scp-3885
SCP-3889,Keter,+207,The Greatest Fisherman Who Ever Lived,24,17,4,https://iwasaki501.github.io/ternbusty/series4.html#scp-3889
SCP-3892,Safe,+201,A Very Heavy Metal Bedtime,22,14,3,https://iwasaki501.github.io/ternbusty/series4.html#scp-3892
SCP-3893,Euclid,+97,I'm Going to Have a Motherfucking Meltdown,21,13,2,https://iwasaki501.github.io/ternbusty/series4.html#scp-3893
SCP-3894,Thaumiel,+114,Our Sorrow,6,17,3,https://iwasaki501.github.io/ternbusty/series4.html#scp-3894
SCP-3895,Others,+132,Our Unrest,5,16,5,https://iwasaki501.github.io/ternbusty/series4.html#scp-3895
SCP-3896,Euclid,+104,We'll Never Stop Eating Big Gordo,22,16,5,https://iwasaki501.github.io/ternbusty/series4.html#scp-3896
SCP-3897,Keter,+110,Mother's Eye Is Upon You,23,17,2,https://iwasaki501.github.io/ternbusty/series4.html#scp-3897
SCP-3898,Safe,+130,The Burden,22,14,4,https://iwasaki501.github.io/ternbusty/series4.html#scp-3898
SCP-3899,Keter,+219,The Night Hauler,22,15,4,https://iwasaki501.github.io/ternbusty/series4.html#scp-3899
SCP-3922,Safe,+486,STOPRIGHTTHERECRIMINALSCUM!!!,13,6,3,https://iwasaki501.github.io/ternbusty/series4.html#scp-3922
SCP-3923,Euclid,+63,Negotium Ficus,34,13,6,https://iwasaki501.github.io/ternbusty/series4.html#scp-3923
SCP-3930,Others,+1083,The Pattern Screamer,2,11,1,https://iwasaki501.github.io/ternbusty/series4.html#scp-3930
SCP-3932,Keter,+163,The Dolphin Manifesto,2,3,0,https://iwasaki501.github.io/ternbusty/series4.html#scp-3932
SCP-3934,Safe,+234,For Sale: Loch Ness Monsters,5,3,0,https://iwasaki501.github.io/ternbusty/series4.html#scp-3934
SCP-3935,Euclid,+473,This Thing a Quiet Madness Made,2,6,0,https://iwasaki501.github.io/ternbusty/series4.html#scp-3935
SCP-3936,Thaumiel,+356,Working as Intended,0,4,0,https://iwasaki501.github.io/ternbusty/series4.html#scp-3936
SCP-3963,Safe,+158,I Contain Multitudes,22,13,1,https://iwasaki501.github.io/ternbusty/series4.html#scp-3963
SCP-3966,Keter,+495,Falling Out,6,10,0,https://iwasaki501.github.io/ternbusty/series4.html#scp-3966
SCP-3980,Keter,+350,Blind Lead the Blind,25,14,1,https://iwasaki501.github.io/ternbusty/series4.html#scp-3980
SCP-3982,Safe,+100,The Devourer of Filth Would Like to Be Friends With You,23,15,2,https://iwasaki501.github.io/ternbusty/series4.html#scp-3982
SCP-3983,Safe,+144,To Petition the Dead,23,14,1,https://iwasaki501.github.io/ternbusty/series4.html#scp-3983
SCP-3984,Keter,+332,Poking Death with a Stick,5,3,4,https://iwasaki501.github.io/ternbusty/series4.html#scp-3984
SCP-3988,Safe,+142,"Napoleon Bonyparts, Superstar Skeleton",22,13,4,https://iwasaki501.github.io/ternbusty/series4.html#scp-3988
SCP-3999,Neutralized,+1925,I Am At The Center of Everything That Happens To Me,4,8,17,https://iwasaki501.github.io/ternbusty/series4.html#scp-3999
SCP-4000,Keter,+2025,Taboo,11,3,14,https://iwasaki501.github.io/ternbusty/series5.html#scp-4000
SCP-4003,Safe,+359,"On Cowboys, Catholicism, and the Cretaceous",34,14,14,https://iwasaki501.github.io/ternbusty/series5.html#scp-4003
SCP-4005,Others,+331,The Holy and Heavenly City of Fabled China,8,3,0,https://iwasaki501.github.io/ternbusty/series5.html#scp-4005
SCP-4006,Thaumiel,+454,#MassaTruthetts,3,4,0,https://iwasaki501.github.io/ternbusty/series5.html#scp-4006
SCP-4007,Keter,+312,Kagemusha,50,26,13,https://iwasaki501.github.io/ternbusty/series5.html#scp-4007
SCP-4008,Others,+373,Wormwood,1,3,0,https://iwasaki501.github.io/ternbusty/series5.html#scp-4008
SCP-4026,Neutralized,+243,"guardian ""angel""",31,17,9,https://iwasaki501.github.io/ternbusty/series5.html#scp-4026
SCP-4028,Euclid,+380,La Historia de Don Quixote de la Mancha,28,35,16,https://iwasaki501.github.io/ternbusty/series5.html#scp-4028
SCP-4031,Euclid,+126,The Amnesiac Redemption,49,10,10,https://iwasaki501.github.io/ternbusty/series5.html#scp-4031
SCP-4034,Euclid,+119,Defenetre of the Strate,2,14,2,https://iwasaki501.github.io/ternbusty/series5.html#scp-4034
SCP-4035,Safe,+79,Prey on Words,20,14,0,https://iwasaki501.github.io/ternbusty/series5.html#scp-4035
SCP-4041,Keter,+166,Impostors of the Tyrant Lizard King,1,3,1,https://iwasaki501.github.io/ternbusty/series5.html#scp-4041
SCP-4046,Safe,+233,What do you want to be when you grow up?,31,15,13,https://iwasaki501.github.io/ternbusty/series5.html#scp-4046
SCP-4049,Keter,+82,Beast Pits,31,6,0,https://iwasaki501.github.io/ternbusty/series5.html#scp-4049
SCP-4051,Keter,+259,Your Friendly Neighborhood Keter,12,6,2,https://iwasaki501.github.io/ternbusty/series5.html#scp-4051
SCP-4052,Others,+156,Sandwich (disambiguation),19,14,0,https://iwasaki501.github.io/ternbusty/series5.html#scp-4052
SCP-4054,Safe,+211,The Seventh Door,25,35,5,https://iwasaki501.github.io/ternbusty/series5.html#scp-4054
SCP-4056,Euclid,+107,Nuclear Family Unit,32,12,13,https://iwasaki501.github.io/ternbusty/series5.html#scp-4056
SCP-4062,Safe,+398,Soggy Doggy,5,5,0,https://iwasaki501.github.io/ternbusty/series5.html#scp-4062
SCP-4088,Euclid,+184,"Sing us a song, you're a piano, man",18,14,0,https://iwasaki501.github.io/ternbusty/series5.html#scp-4088
SCP-4109,Safe,+126,FINAL CONCLUSION: EVERYTHING IS TERRIBLE,18,14,0,https://iwasaki501.github.io/ternbusty/series5.html#scp-4109
SCP-4149,Safe,+209,Professor Xorkanoff's Gallery of the Bizz-art,32,6,1,https://iwasaki501.github.io/ternbusty/series5.html#scp-4149
SCP-4152,Safe,+50,"BASEMENT LOVE, Acrylic on canvas",5,3,0,https://iwasaki501.github.io/ternbusty/series5.html#scp-4152
SCP-4161,Safe,+164,METEMPSYCHOSIS.,1,7,1,https://iwasaki501.github.io/ternbusty/series5.html#scp-4161
SCP-4163,Keter,+152,The Tetris Prodigy,5,10,1,https://iwasaki501.github.io/ternbusty/series5.html#scp-4163
SCP-4164,Safe,+121,The Universal Instruction Manual,6,3,0,https://iwasaki501.github.io/ternbusty/series5.html#scp-4164
SCP-4170,Keter,+137,The Dark,5,10,1,https://iwasaki501.github.io/ternbusty/series5.html#scp-4170
SCP-4176,Keter,+223,Taxes,33,13,11,https://iwasaki501.github.io/ternbusty/series5.html#scp-4176
SCP-4190,Safe,+73,A Twenty Thousand League Delay,42,9,9,https://iwasaki501.github.io/ternbusty/series5.html#scp-4190
SCP-4206,Neutralized,+87,The Weighing of the Heart,32,18,13,https://iwasaki501.github.io/ternbusty/series5.html#scp-4206
SCP-4220,Euclid,+220,Dark Side of the Moon,5,30,1,https://iwasaki501.github.io/ternbusty/series5.html#scp-4220
SCP-4233,Keter,+372,The Dreadnought,22,15,4,https://iwasaki501.github.io/ternbusty/series5.html#scp-4233
SCP-4239,Others,+239,"or, KTE-6561-Black, or, dolphinslugchugger and scarhaver's GAW-1 proposal, or, 8008132, or, Our Friend Who Lives By The Lake, or, The Lake, or, A Very Important Question, or, The Reason We Did Something New This Time, or, Go Big or Go Home",18,14,3,https://iwasaki501.github.io/ternbusty/series5.html#scp-4239
SCP-4249,Safe,+153,"Nothing Really Mattress Anymore, or: Zen And The Art of Hunting Free-Range Furniture",33,9,0,https://iwasaki501.github.io/ternbusty/series5.html#scp-4249
SCP-4270,Others,+80,Does Benjamin Harrison Shit In The Oval Office?,18,14,0,https://iwasaki501.github.io/ternbusty/series5.html#scp-4270
SCP-4286,Keter,+70,The Skeleton Fairy,18,14,0,https://iwasaki501.github.io/ternbusty/series5.html#scp-4286
SCP-4297,Keter,+66,The Emu-lution of War,5,3,0,https://iwasaki501.github.io/ternbusty/series5.html#scp-4297
SCP-4316,Safe,+116,The Water's Warm,2,12,2,https://iwasaki501.github.io/ternbusty/series5.html#scp-4316
SCP-4321,Keter,+284,Sometimes I Look At The Sky So I Can Feel Small,69,11,2,https://iwasaki501.github.io/ternbusty/series5.html#scp-4321
SCP-4322,Thaumiel,+127,Sleepless Dreams,13,10,1,https://iwasaki501.github.io/ternbusty/series5.html#scp-4322
SCP-4332,Euclid,+103,Meat It For All It's Worth,7,6,2,https://iwasaki501.github.io/ternbusty/series5.html#scp-4332
SCP-4333,Keter,+93,The Profligate,22,14,4,https://iwasaki501.github.io/ternbusty/series5.html#scp-4333
SCP-4335,Keter,+465,A Welt In The Crucible,1,4,0,https://iwasaki501.github.io/ternbusty/series5.html#scp-4335
SCP-4339,Safe,+139,The Attribute Pen,14,10,0,https://iwasaki501.github.io/ternbusty/series5.html#scp-4339
SCP-4355,Safe,+185,"OZYMANDIAS, KING OF KINGS",31,13,0,https://iwasaki501.github.io/ternbusty/series5.html#scp-4355
SCP-4357,Safe,+185,Slimelord,4,6,0,https://iwasaki501.github.io/ternbusty/series5.html#scp-4357
SCP-4390,Euclid,+156,A Bad Maze,3,5,0,https://iwasaki501.github.io/ternbusty/series5.html#scp-4390
SCP-4405,Safe,+169,Time Ends on a Fridays,0,3,0,https://iwasaki501.github.io/ternbusty/series5.html#scp-4405
SCP-4416,Thaumiel,+151,Tails of Site-42: Why The Foundation Punches Sharks,50,9,9,https://iwasaki501.github.io/ternbusty/series5.html#scp-4416
SCP-4420,Neutralized,+212,A Potato Thirst,51,9,11,https://iwasaki501.github.io/ternbusty/series5.html#scp-4420
SCP-4428,Others,+318,Dr. Michaels is not in danger.,3,10,9,https://iwasaki501.github.io/ternbusty/series5.html#scp-4428
SCP-4432,Euclid,+172,mr mister by dado,0,8,7,https://iwasaki501.github.io/ternbusty/series5.html#scp-4432
SCP-4444,Others,+784,Bush v. Gore,3,6,3,https://iwasaki501.github.io/ternbusty/series5.html#scp-4444
SCP-4447,Safe,+132,Sasha's Super Shuttle Service!,14,10,0,https://iwasaki501.github.io/ternbusty/series5.html#scp-4447
SCP-4449,Euclid,+100,"Daisuke Kawamoto, aka Kakashi-san, Scarecrow Samurai and Legendary Slayer of Evil",22,14,4,https://iwasaki501.github.io/ternbusty/series5.html#scp-4449
SCP-4455,Keter,+222,In Short‚Ä¶,1,5,3,https://iwasaki501.github.io/ternbusty/series5.html#scp-4455
SCP-4475,Keter,+127,"So Long, and Thanks for All the Milk",8,11,11,https://iwasaki501.github.io/ternbusty/series5.html#scp-4475
SCP-4479,Safe,+135,D-11424 and The Land of Too Many Doors,3,13,3,https://iwasaki501.github.io/ternbusty/series5.html#scp-4479
SCP-4489,Safe,+129,Apologies,2,3,0,https://iwasaki501.github.io/ternbusty/series5.html#scp-4489
SCP-4492,Safe,+66,Umbrella In The Toilet,19,3,16,https://iwasaki501.github.io/ternbusty/series5.html#scp-4492
SCP-4498,Euclid,+356,The Plurality of Jack Bright,7,5,1,https://iwasaki501.github.io/ternbusty/series5.html#scp-4498
SCP-4500,Euclid,+527,Socratic Containment Procedures,0,3,0,https://iwasaki501.github.io/ternbusty/series5.html#scp-4500
SCP-4513,Safe,+186,Pounded in the Butt with Moby Dick by my IRS W-2 Tax Form,31,6,0,https://iwasaki501.github.io/ternbusty/series5.html#scp-4513
SCP-4514,Safe,+427,The Thing That Kills You,71,12,6,https://iwasaki501.github.io/ternbusty/series5.html#scp-4514
SCP-4519,Keter,+116,"Carl Sagan, Godhead",10,10,13,https://iwasaki501.github.io/ternbusty/series5.html#scp-4519
SCP-4525,Euclid,+230,u come 2 dado go,13,3,2,https://iwasaki501.github.io/ternbusty/series5.html#scp-4525
SCP-4548,Keter,+171,The Hateful Star,2,4,0,https://iwasaki501.github.io/ternbusty/series5.html#scp-4548
SCP-4549,Euclid,+80,Retrohippies,31,8,0,https://iwasaki501.github.io/ternbusty/series5.html#scp-4549
SCP-4553,Keter,+252,"Bob Shepherd, Anthropomorphic Mass of Worms and United States Representative of the 3rd Congressional District of Nebraska",22,11,1,https://iwasaki501.github.io/ternbusty/series5.html#scp-4553
SCP-4570,Safe,+53,"Almost Heaven, West Virginia",18,14,0,https://iwasaki501.github.io/ternbusty/series5.html#scp-4570
SCP-4643,Neutralized,+115,The Wheel of Fire,2,7,0,https://iwasaki501.github.io/ternbusty/series5.html#scp-4643
SCP-4654,Euclid,+139,angels by dado,2,6,0,https://iwasaki501.github.io/ternbusty/series5.html#scp-4654
SCP-4661,Euclid,+332,Sin City,33,10,1,https://iwasaki501.github.io/ternbusty/series5.html#scp-4661
SCP-4663,Keter,+69,3D Printed Spiders Printing Printed Printers Printing Spider Printers Printing Spiders Printing Printed Spider Printers Printing Printing Spider Printers Printing Spiders Printing Printed Printer Spiders Printing Spidered Spider Printers Printing Spider Spider Printered Printer Printers,7,6,2,https://iwasaki501.github.io/ternbusty/series5.html#scp-4663
SCP-4664,Euclid,+86,"Nightmare of 20,000 Feet",18,14,0,https://iwasaki501.github.io/ternbusty/series5.html#scp-4664
SCP-4666,Keter,+957,The Yule Man,0,3,1,https://iwasaki501.github.io/ternbusty/series5.html#scp-4666
SCP-4669,Keter,+129,Nuestra Se√±ora de la Revoluci√≥n Popular,20,16,2,https://iwasaki501.github.io/ternbusty/series5.html#scp-4669
SCP-4670,Euclid,+197,Pigs in Blankets,0,24,0,https://iwasaki501.github.io/ternbusty/series5.html#scp-4670
SCP-4677,Safe,+173,"Coke, Cow, and Capitalism",2,4,0,https://iwasaki501.github.io/ternbusty/series5.html#scp-4677
SCP-4700,Thaumiel,+110,Orkney Rising,4,4,0,https://iwasaki501.github.io/ternbusty/series5.html#scp-4700
SCP-4710,Neutralized,+139,Sheen Gojira,3,24,0,https://iwasaki501.github.io/ternbusty/series5.html#scp-4710
SCP-4714,Safe,+45,My Unicorn Friend,4,3,1,https://iwasaki501.github.io/ternbusty/series5.html#scp-4714
SCP-4726,Euclid,+99,G A M E R M I L K,31,12,9,https://iwasaki501.github.io/ternbusty/series5.html#scp-4726
SCP-4733,Safe,+67,But Not Forgotten,2,15,1,https://iwasaki501.github.io/ternbusty/series5.html#scp-4733
SCP-4760,Euclid,+101,An Eye for an Eye,4,5,0,https://iwasaki501.github.io/ternbusty/series5.html#scp-4760
SCP-4761,Euclid,+8,Lost in Yesterday,1,27,13,https://iwasaki501.github.io/ternbusty/series5.html#scp-4761
SCP-4774,Euclid,+383,The Ninth Planet [citation needed],3,4,1,https://iwasaki501.github.io/ternbusty/series5.html#scp-4774
SCP-4775,Euclid,+126,The Absolute Gall,0,12,3,https://iwasaki501.github.io/ternbusty/series5.html#scp-4775
SCP-4776,Keter,+157,REAGANWEAPON.,33,9,3,https://iwasaki501.github.io/ternbusty/series5.html#scp-4776
SCP-4780,Others,+272,Shrunk,0,24,0,https://iwasaki501.github.io/ternbusty/series5.html#scp-4780
SCP-4781,Keter,+128,Sour and Dill,13,10,0,https://iwasaki501.github.io/ternbusty/series5.html#scp-4781
SCP-4790,Others,+116,Do not go gentle into that good night.,43,9,10,https://iwasaki501.github.io/ternbusty/series5.html#scp-4790
SCP-4795,Keter,+93,Feathered F(r)iends,6,10,10,https://iwasaki501.github.io/ternbusty/series5.html#scp-4795
SCP-4812,Others,+246,Wrath,2,7,0,https://iwasaki501.github.io/ternbusty/series5.html#scp-4812
SCP-4838,Neutralized,+106,Lover's Quarrel,13,10,0,https://iwasaki501.github.io/ternbusty/series5.html#scp-4838
SCP-4840,Keter,+149,The Demon Lancelot and the Flying City of Audapaupadopolis,25,5,0,https://iwasaki501.github.io/ternbusty/series5.html#scp-4840
SCP-4852,Euclid,+234,Site-19 Goes South For The Winter!,31,9,0,https://iwasaki501.github.io/ternbusty/series5.html#scp-4852
SCP-4853,Keter,+173,SCP-4853,12,10,0,https://iwasaki501.github.io/ternbusty/series5.html#scp-4853
SCP-4864,Safe,+50,Depravity and Indifference,1,5,0,https://iwasaki501.github.io/ternbusty/series5.html#scp-4864
SCP-4866,Keter,+106,"ùòîùò∂ùò≥ùò•ùò¶ùò≥ùò¶ùò≥‚Ñ¢, a product of Optimark Synthetic Personnel Solutions1",22,18,3,https://iwasaki501.github.io/ternbusty/series5.html#scp-4866
SCP-4874,Safe,+49,Friends With You,19,3,16,https://iwasaki501.github.io/ternbusty/series5.html#scp-4874
SCP-4877,Euclid,+288,Good Airwaves,70,11,2,https://iwasaki501.github.io/ternbusty/series5.html#scp-4877
SCP-4910,Keter,+136,"""The Grinner""",24,13,3,https://iwasaki501.github.io/ternbusty/series5.html#scp-4910
SCP-4911,Others,+210,"September 11th, 2001",2,5,0,https://iwasaki501.github.io/ternbusty/series5.html#scp-4911
SCP-4925,Euclid,+149,(1) Missed Call,0,12,2,https://iwasaki501.github.io/ternbusty/series5.html#scp-4925
SCP-4933,Euclid,+71,We Interrupt This Broadcast,22,15,4,https://iwasaki501.github.io/ternbusty/series5.html#scp-4933
SCP-4934,Neutralized,+229,The House That Chuck Built,31,17,10,https://iwasaki501.github.io/ternbusty/series5.html#scp-4934
SCP-4935,Euclid,+194,Hereafter,2,5,1,https://iwasaki501.github.io/ternbusty/series5.html#scp-4935
SCP-4941,Euclid,+75,Forever Yours,2,6,0,https://iwasaki501.github.io/ternbusty/series5.html#scp-4941
SCP-4947,Keter,+87,The Fault and the Fistula,3,3,1,https://iwasaki501.github.io/ternbusty/series5.html#scp-4947
SCP-4966,Safe,+394,"Tubbioca: Devourer of Souls, Consumer of Secrets, Lord of Munchies",18,15,2,https://iwasaki501.github.io/ternbusty/series5.html#scp-4966
SCP-4967,Thaumiel,+171,Thaumielvis,34,13,10,https://iwasaki501.github.io/ternbusty/series5.html#scp-4967
SCP-4971,Others,+404,Rituals,2,9,0,https://iwasaki501.github.io/ternbusty/series5.html#scp-4971
SCP-4982,Safe,+100,Heavy lies the crown.,32,14,10,https://iwasaki501.github.io/ternbusty/series5.html#scp-4982
SCP-4983,Euclid,+35,The Lost Storyteller,11,6,0,https://iwasaki501.github.io/ternbusty/series5.html#scp-4983
SCP-4999,Keter,+1866,Someone to Watch Over Us,22,24,9,https://iwasaki501.github.io/ternbusty/series5.html#scp-4999
SCP-5003,Safe,+354,Powerless,70,11,2,https://iwasaki501.github.io/ternbusty/series6.html#scp-5003
SCP-5004,Thaumiel,+514,MEGALOMANIA,2,4,0,https://iwasaki501.github.io/ternbusty/series6.html#scp-5004
SCP-5018,Euclid,+118,The Broken Rose,5,6,0,https://iwasaki501.github.io/ternbusty/series6.html#scp-5018
SCP-5020,Euclid,+88,InfeStation‚Ñ¢,22,14,0,https://iwasaki501.github.io/ternbusty/series6.html#scp-5020
SCP-5032,Safe,+107,PantherQuest¬©Ô∏è,0,4,0,https://iwasaki501.github.io/ternbusty/series6.html#scp-5032
SCP-5033,Euclid,+66,A Pampered Sheep (please don't explode),19,3,16,https://iwasaki501.github.io/ternbusty/series6.html#scp-5033
SCP-5047,Keter,+91,Apartment Hunting,31,14,8,https://iwasaki501.github.io/ternbusty/series6.html#scp-5047
SCP-5057,Euclid,+106,Se√±or Taste,32,15,8,https://iwasaki501.github.io/ternbusty/series6.html#scp-5057
SCP-5140,Keter,+611,EVEREST,32,9,0,https://iwasaki501.github.io/ternbusty/series6.html#scp-5140
SCP-5148,Others,+84,Qlippoth,31,14,11,https://iwasaki501.github.io/ternbusty/series6.html#scp-5148
SCP-5149,Keter,+304,"None of us are blind, Joe.",31,9,0,https://iwasaki501.github.io/ternbusty/series6.html#scp-5149
SCP-5150,Euclid,+65,Anomalous Dental Office,11,6,0,https://iwasaki501.github.io/ternbusty/series6.html#scp-5150
SCP-5225,Safe,+80,The Abyss Stares Back,31,14,0,https://iwasaki501.github.io/ternbusty/series6.html#scp-5225
SCP-5226,Safe,+39,Posthumous Postproduction‚Ñ¢ by Westhead Records‚Ñ¢ (A wholly-owned subsidiary of Westhead Media‚Ñ¢),2,9,0,https://iwasaki501.github.io/ternbusty/series6.html#scp-5226
SCP-5227,Neutralized,+214,F.O.G /// FEAR OF GOD.,1,7,0,https://iwasaki501.github.io/ternbusty/series6.html#scp-5227
SCP-5231,Euclid,+76,127.0.0.WAN,32,17,12,https://iwasaki501.github.io/ternbusty/series6.html#scp-5231
SCP-5243,Keter,+119,The Breach that Keeps On Breaching,6,3,0,https://iwasaki501.github.io/ternbusty/series6.html#scp-5243
SCP-5285,Safe,+28,An Economy of Hurt,0,9,0,https://iwasaki501.github.io/ternbusty/series6.html#scp-5285
SCP-5343,Euclid,+65,"The ""For-You News"" App!",14,6,0,https://iwasaki501.github.io/ternbusty/series6.html#scp-5343
SCP-5346,Others,+117,GUMP,12,5,0,https://iwasaki501.github.io/ternbusty/series6.html#scp-5346
SCP-5364,Neutralized,+59,Seventy Millimeter Projector,1,5,0,https://iwasaki501.github.io/ternbusty/series6.html#scp-5364
SCP-5375,Euclid,+73,Nobody and the Name Machine,11,12,0,https://iwasaki501.github.io/ternbusty/series6.html#scp-5375
SCP-5376,Keter,+204,Turbo Thompson and Deathramp Supreme,32,8,0,https://iwasaki501.github.io/ternbusty/series6.html#scp-5376
SCP-5391,Others,+104,Anastasis,7,3,0,https://iwasaki501.github.io/ternbusty/series6.html#scp-5391
SCP-5430,Safe,+165,A Snake Wearing 48 Sneakers,2,25,0,https://iwasaki501.github.io/ternbusty/series6.html#scp-5430
SCP-5448,Euclid,+50,"When We Fall Asleep, Where Do We Go?",0,12,2,https://iwasaki501.github.io/ternbusty/series6.html#scp-5448
SCP-5464,Euclid,+125,The Responsibility We Bear,16,8,0,https://iwasaki501.github.io/ternbusty/series6.html#scp-5464
SCP-5495,Neutralized,+148,THE GHAZNI INCIDENT.,0,9,0,https://iwasaki501.github.io/ternbusty/series6.html#scp-5495
SCP-5502,Others,+23,Where the Smoke Trail Ends,20,11,0,https://iwasaki501.github.io/ternbusty/series6.html#scp-5502
SCP-5510,Safe,+224,Universal Remote,12,10,0,https://iwasaki501.github.io/ternbusty/series6.html#scp-5510
SCP-5522,Keter,+137,Pizza Delivery Speedrun (RTA) 100% Completion,18,14,0,https://iwasaki501.github.io/ternbusty/series6.html#scp-5522
SCP-5549,Safe,+183,SECOND SIN.,9,8,0,https://iwasaki501.github.io/ternbusty/series6.html#scp-5549
SCP-5552,Safe,+403,Our Stolen Theory,70,11,2,https://iwasaki501.github.io/ternbusty/series6.html#scp-5552
SCP-5588,Keter,+27,Stars Held Captive Remain Always Gleaming,7,6,2,https://iwasaki501.github.io/ternbusty/series6.html#scp-5588
SCP-5594,Safe,+44,Fine Dine and Good Spirits,7,4,0,https://iwasaki501.github.io/ternbusty/series6.html#scp-5594
SCP-5595,Safe,+102,"Geoffrey Quincy Harrison the Third: Site-Director, Gumball Machine",7,5,0,https://iwasaki501.github.io/ternbusty/series6.html#scp-5595
SCP-5596,Keter,+32,A Really Shitty Cupid,7,4,0,https://iwasaki501.github.io/ternbusty/series6.html#scp-5596
SCP-5620,Euclid,+68,Poems of the Badalisc,7,4,0,https://iwasaki501.github.io/ternbusty/series6.html#scp-5620
SCP-5659,Keter,+71,A Beast of Lust And Hatred Born,15,6,0,https://iwasaki501.github.io/ternbusty/series6.html#scp-5659
SCP-5663,Euclid,+71,Sicknasty Truckzilla,18,9,1,https://iwasaki501.github.io/ternbusty/series6.html#scp-5663
SCP-5725,Neutralized,+64,We're Getting the Man Back Together Again,52,26,13,https://iwasaki501.github.io/ternbusty/series6.html#scp-5725
SCP-5726,Keter,+81,Sparkling Magical Girl ‚ô• Darling Pink!!,31,18,10,https://iwasaki501.github.io/ternbusty/series6.html#scp-5726
SCP-5740,Safe,+176,all cop are buddy by dado,2,7,0,https://iwasaki501.github.io/ternbusty/series6.html#scp-5740
SCP-5762,Neutralized,+159,a doctor a day,1,10,0,https://iwasaki501.github.io/ternbusty/series6.html#scp-5762
SCP-5770,Euclid,+21,The Festival of Florence,5,5,0,https://iwasaki501.github.io/ternbusty/series6.html#scp-5770
SCP-5779,Neutralized,+25,Stockholm Syndrome,0,12,2,https://iwasaki501.github.io/ternbusty/series6.html#scp-5779
SCP-5785,Safe,+101,Craptivism,0,3,0,https://iwasaki501.github.io/ternbusty/series6.html#scp-5785
SCP-5787,Keter,+110,Bad Things Happen in Philadelphia,8,4,0,https://iwasaki501.github.io/ternbusty/series6.html#scp-5787
SCP-5795,Keter,+46,High Court,15,6,0,https://iwasaki501.github.io/ternbusty/series6.html#scp-5795
SCP-5850,Keter,+79,A Train to Hell,14,6,0,https://iwasaki501.github.io/ternbusty/series6.html#scp-5850
SCP-5877,Keter,+65,Nobodies,10,14,2,https://iwasaki501.github.io/ternbusty/series6.html#scp-5877
SCP-5890,Keter,+35,Within The Inner Prisons We Ourselves Made,14,6,0,https://iwasaki501.github.io/ternbusty/series6.html#scp-5890
SCP-5900,Others,+117,PITCHBLACK,13,12,0,https://iwasaki501.github.io/ternbusty/series6.html#scp-5900
SCP-5902,Keter,+126,The Department of Administration,22,14,2,https://iwasaki501.github.io/ternbusty/series6.html#scp-5902
SCP-5935,Euclid,+326,Blood and the Breaking of My Heart,6,6,0,https://iwasaki501.github.io/ternbusty/series6.html#scp-5935
SCP-5936,Euclid,+39,Those That Do Not Wish To Be Forgotten,13,6,0,https://iwasaki501.github.io/ternbusty/series6.html#scp-5936
SCP-5940,Keter,+150,ABSOLUTE TOOTH FIELD,1,24,0,https://iwasaki501.github.io/ternbusty/series6.html#scp-5940
SCP-5963,Euclid,+62,Dark Nights at ShowBiz Pizza Place,4,6,0,https://iwasaki501.github.io/ternbusty/series6.html#scp-5963
SCP-5975,Euclid,+32,The Cycle Keeps Spinning,49,26,13,https://iwasaki501.github.io/ternbusty/series6.html#scp-5975
SCP-5982,Neutralized,+76,The Smoke Gets In Your Eyes,2,8,0,https://iwasaki501.github.io/ternbusty/series6.html#scp-5982
SCP-5983,Thaumiel,+294,"Nuke York, Nuke York",31,7,0,https://iwasaki501.github.io/ternbusty/series6.html#scp-5983
SCP-5986,Euclid,+25,"Mom, take me to Millie's Candy Shop!",19,3,16,https://iwasaki501.github.io/ternbusty/series6.html#scp-5986
SCP-5990,Keter,+89,"Out of my head, out of my mind",50,9,9,https://iwasaki501.github.io/ternbusty/series6.html#scp-5990
