ID,ObjectType,Rate,Metatitle,CitesNum,CitedByNum,AppearsInNum,URL
SCP-030-JP,Keter,+270,石油喰らい,0,4,10,https://iwasaki501.github.io/ternbusty/scp_by_series_jp/series1.html#scp-030-jp
SCP-031-JP,Safe,+172,ヴォラレフィリア,1,1,1,https://iwasaki501.github.io/ternbusty/scp_by_series_jp/series1.html#scp-031-jp
SCP-040-JP,Safe,+921,ねこですよろしくおねがいします,1,1,11,https://iwasaki501.github.io/ternbusty/scp_by_series_jp/series1.html#scp-040-jp
SCP-044-JP,Euclid,+120,繁栄の果実,0,2,3,https://iwasaki501.github.io/ternbusty/scp_by_series_jp/series1.html#scp-044-jp
SCP-052-JP,Safe,+45,護符,0,1,3,https://iwasaki501.github.io/ternbusty/scp_by_series_jp/series1.html#scp-052-jp
SCP-064-JP,Euclid,+86,ピッグス粒子,0,1,1,https://iwasaki501.github.io/ternbusty/scp_by_series_jp/series1.html#scp-064-jp
SCP-073-JP,Safe,+39,ザリガニ池,0,2,4,https://iwasaki501.github.io/ternbusty/scp_by_series_jp/series1.html#scp-073-jp
SCP-079-JP,Euclid,+144,GET・嘔吐,0,1,1,https://iwasaki501.github.io/ternbusty/scp_by_series_jp/series1.html#scp-079-jp
SCP-086-JP,Keter,+193,ゾンビウイルス,0,1,2,https://iwasaki501.github.io/ternbusty/scp_by_series_jp/series1.html#scp-086-jp
SCP-092-JP,Safe,+127,あなたの人生、盛り上げます！,0,2,0,https://iwasaki501.github.io/ternbusty/scp_by_series_jp/series1.html#scp-092-jp
SCP-097-JP,Safe,+97,ミスター・ずぶずぶ,0,2,2,https://iwasaki501.github.io/ternbusty/scp_by_series_jp/series1.html#scp-097-jp
SCP-107-JP,Euclid,+51,アブサン・アベニュー,0,2,3,https://iwasaki501.github.io/ternbusty/scp_by_series_jp/series1.html#scp-107-jp
SCP-115-JP,Euclid,+152,鵺,0,1,7,https://iwasaki501.github.io/ternbusty/scp_by_series_jp/series1.html#scp-115-jp
SCP-131-JP,Euclid,+91,全てが鉄になる,1,0,1,https://iwasaki501.github.io/ternbusty/scp_by_series_jp/series1.html#scp-131-jp
SCP-132-JP,Euclid,+374,紙魚入る,0,1,7,https://iwasaki501.github.io/ternbusty/scp_by_series_jp/series1.html#scp-132-jp
SCP-170-JP,Euclid,+52,本懐,1,0,0,https://iwasaki501.github.io/ternbusty/scp_by_series_jp/series1.html#scp-170-jp
SCP-183-JP,Euclid,+254,繁栄の街灯,0,4,1,https://iwasaki501.github.io/ternbusty/scp_by_series_jp/series1.html#scp-183-jp
SCP-187-JP,Euclid,+60,期待のニュー・フェイス,0,2,2,https://iwasaki501.github.io/ternbusty/scp_by_series_jp/series1.html#scp-187-jp
SCP-192-JP,Euclid,+225,私達のTOKYO,0,1,1,https://iwasaki501.github.io/ternbusty/scp_by_series_jp/series1.html#scp-192-jp
SCP-201-JP,Euclid,+113,次元ヤマノテ線,0,1,2,https://iwasaki501.github.io/ternbusty/scp_by_series_jp/series1.html#scp-201-jp
SCP-216-JP,Safe,+135,タブーなんてない,1,1,2,https://iwasaki501.github.io/ternbusty/scp_by_series_jp/series1.html#scp-216-jp
SCP-233-JP,Euclid,+157,押入れの冒険,0,1,5,https://iwasaki501.github.io/ternbusty/scp_by_series_jp/series1.html#scp-233-jp
SCP-281-JP,Safe,+110,帰郷,1,0,2,https://iwasaki501.github.io/ternbusty/scp_by_series_jp/series1.html#scp-281-jp
SCP-295-JP,Euclid,+89,必要悪の幽霊,0,1,1,https://iwasaki501.github.io/ternbusty/scp_by_series_jp/series1.html#scp-295-jp
SCP-302-JP,Euclid,+40,「無題　脂絵」,0,1,1,https://iwasaki501.github.io/ternbusty/scp_by_series_jp/series1.html#scp-302-jp
SCP-305-JP,Euclid,+70,特装版サーチ・アルバイト！,2,0,0,https://iwasaki501.github.io/ternbusty/scp_by_series_jp/series1.html#scp-305-jp
SCP-315-JP,Euclid,+28,福神聞耳壷錯乱誘発性壷,1,0,0,https://iwasaki501.github.io/ternbusty/scp_by_series_jp/series1.html#scp-315-jp
SCP-329-JP,Euclid,+64,グラフ虫,1,0,0,https://iwasaki501.github.io/ternbusty/scp_by_series_jp/series1.html#scp-329-jp
SCP-337-JP,Safe,+100,異世界受信樹,0,1,1,https://iwasaki501.github.io/ternbusty/scp_by_series_jp/series1.html#scp-337-jp
SCP-345-JP,Euclid,+139,ミスター・とりっくあんどとりーと,0,1,2,https://iwasaki501.github.io/ternbusty/scp_by_series_jp/series1.html#scp-345-jp
SCP-373-JP,Keter,+80,モノづくり集団,0,1,2,https://iwasaki501.github.io/ternbusty/scp_by_series_jp/series1.html#scp-373-jp
SCP-378-JP,Safe,+74,映画感,0,1,0,https://iwasaki501.github.io/ternbusty/scp_by_series_jp/series1.html#scp-378-jp
SCP-379-JP,Safe,+135,サインポール,0,1,2,https://iwasaki501.github.io/ternbusty/scp_by_series_jp/series1.html#scp-379-jp
SCP-389-JP,Safe,+131,WARSHIPS,0,1,0,https://iwasaki501.github.io/ternbusty/scp_by_series_jp/series1.html#scp-389-jp
SCP-403-JP,Euclid,+101,追い炊き込みご飯風呂,0,1,1,https://iwasaki501.github.io/ternbusty/scp_by_series_jp/series1.html#scp-403-jp
SCP-420-JP,Euclid,+25,電磁輸送艦,1,0,0,https://iwasaki501.github.io/ternbusty/scp_by_series_jp/series1.html#scp-420-jp
SCP-463-JP,Safe,+69,博士のできそこないジュラシック・パーク,2,0,0,https://iwasaki501.github.io/ternbusty/scp_by_series_jp/series1.html#scp-463-jp
SCP-473-JP,Euclid,+149,僕からのバトンタッチ,0,1,1,https://iwasaki501.github.io/ternbusty/scp_by_series_jp/series1.html#scp-473-jp
SCP-477-JP,Euclid,+43,鳴門海底都市,0,1,2,https://iwasaki501.github.io/ternbusty/scp_by_series_jp/series1.html#scp-477-jp
SCP-482-JP,Safe,+81,平穏,0,1,0,https://iwasaki501.github.io/ternbusty/scp_by_series_jp/series1.html#scp-482-jp
SCP-487-JP,Neutralized,+83,思慕信号,0,1,0,https://iwasaki501.github.io/ternbusty/scp_by_series_jp/series1.html#scp-487-jp
SCP-489-JP,Euclid,+58,サメ殴り艇隊,0,1,1,https://iwasaki501.github.io/ternbusty/scp_by_series_jp/series1.html#scp-489-jp
SCP-495-JP,Euclid,+113,廃ビルの靴磨き,0,1,1,https://iwasaki501.github.io/ternbusty/scp_by_series_jp/series1.html#scp-495-jp
SCP-497-JP,Euclid,+107,催淫蝉,0,1,0,https://iwasaki501.github.io/ternbusty/scp_by_series_jp/series1.html#scp-497-jp
SCP-509-JP,Euclid,+119,超援調理師ミーレイド･カーキ,0,1,3,https://iwasaki501.github.io/ternbusty/scp_by_series_jp/series1.html#scp-509-jp
SCP-513-JP,Euclid,+122,向こう岸,0,1,2,https://iwasaki501.github.io/ternbusty/scp_by_series_jp/series1.html#scp-513-jp
SCP-514-JP,Euclid,+92,クジラの歌と海の夢,0,1,1,https://iwasaki501.github.io/ternbusty/scp_by_series_jp/series1.html#scp-514-jp
SCP-540-JP,Safe,+233,ンボボボさん,0,2,1,https://iwasaki501.github.io/ternbusty/scp_by_series_jp/series1.html#scp-540-jp
SCP-544-JP,Euclid,+627,孤独な放送室,0,1,4,https://iwasaki501.github.io/ternbusty/scp_by_series_jp/series1.html#scp-544-jp
SCP-568-JP,Euclid,+68,セブンティ・ワン・パーセンツ,0,2,0,https://iwasaki501.github.io/ternbusty/scp_by_series_jp/series1.html#scp-568-jp
SCP-572-JP,Safe,+104,誘導する警備人形,0,1,2,https://iwasaki501.github.io/ternbusty/scp_by_series_jp/series1.html#scp-572-jp
SCP-578-JP,Euclid,+120,超電磁煎餅,1,0,0,https://iwasaki501.github.io/ternbusty/scp_by_series_jp/series1.html#scp-578-jp
SCP-579-JP,Euclid,+214,コロポックル,0,1,2,https://iwasaki501.github.io/ternbusty/scp_by_series_jp/series1.html#scp-579-jp
SCP-588-JP,Safe,+116,超次元壁尻～俺たちの宇宙に突き出すカルキストのケツ～,6,2,4,https://iwasaki501.github.io/ternbusty/scp_by_series_jp/series1.html#scp-588-jp
SCP-602-JP,Keter,+35,ミズ・きみのだいじなひとを(審議中),1,2,0,https://iwasaki501.github.io/ternbusty/scp_by_series_jp/series1.html#scp-602-jp
SCP-612-JP,Keter,+195,忘れられた災害,0,1,3,https://iwasaki501.github.io/ternbusty/scp_by_series_jp/series1.html#scp-612-jp
SCP-633-JP,Neutralized,+94,乳白色の紙,1,0,5,https://iwasaki501.github.io/ternbusty/scp_by_series_jp/series1.html#scp-633-jp
SCP-641-JP,Euclid,+34,禁じられた図書館,1,0,3,https://iwasaki501.github.io/ternbusty/scp_by_series_jp/series1.html#scp-641-jp
SCP-652-JP,Euclid,+95,バナナ・スピリッツ,0,1,1,https://iwasaki501.github.io/ternbusty/scp_by_series_jp/series1.html#scp-652-jp
SCP-653-JP,Safe,+112,博士のわくわく大ぼうけん毛布,0,1,0,https://iwasaki501.github.io/ternbusty/scp_by_series_jp/series1.html#scp-653-jp
SCP-662-JP,Euclid,+45,Hyper-string,1,0,1,https://iwasaki501.github.io/ternbusty/scp_by_series_jp/series1.html#scp-662-jp
SCP-664-JP,Keter,+19,コメモドキ,2,0,2,https://iwasaki501.github.io/ternbusty/scp_by_series_jp/series1.html#scp-664-jp
SCP-700-JP,Safe,+107,13番目の特異点,0,1,2,https://iwasaki501.github.io/ternbusty/scp_by_series_jp/series1.html#scp-700-jp
SCP-717-JP,Safe,+46,『博士の大爆笑ギャグ２５０連発大図鑑！』,0,1,0,https://iwasaki501.github.io/ternbusty/scp_by_series_jp/series1.html#scp-717-jp
SCP-724-JP,Euclid,+28,《CODE:U》蝕まれる大地,1,1,1,https://iwasaki501.github.io/ternbusty/scp_by_series_jp/series1.html#scp-724-jp
SCP-733-JP,Euclid,+56,沈んで持ち上げる,5,6,1,https://iwasaki501.github.io/ternbusty/scp_by_series_jp/series1.html#scp-733-jp
SCP-734-JP,Keter,+25,天より給える乞食の才,0,1,0,https://iwasaki501.github.io/ternbusty/scp_by_series_jp/series1.html#scp-734-jp
SCP-741-JP,Euclid,+94,思ってたのと違う,0,1,1,https://iwasaki501.github.io/ternbusty/scp_by_series_jp/series1.html#scp-741-jp
SCP-743-JP,Safe,+60,黄昏、彼は誰、道半ば,1,1,0,https://iwasaki501.github.io/ternbusty/scp_by_series_jp/series1.html#scp-743-jp
SCP-745-JP,Euclid,+128,日奉樹,0,1,3,https://iwasaki501.github.io/ternbusty/scp_by_series_jp/series1.html#scp-745-jp
SCP-783-JP,Safe,+105,絵に描かせない餅,0,1,1,https://iwasaki501.github.io/ternbusty/scp_by_series_jp/series1.html#scp-783-jp
SCP-801-JP,Euclid,+56,トリニトロマグロ,0,1,1,https://iwasaki501.github.io/ternbusty/scp_by_series_jp/series1.html#scp-801-jp
SCP-802-JP,Neutralized,+100,粗雑なコピー機,0,1,2,https://iwasaki501.github.io/ternbusty/scp_by_series_jp/series1.html#scp-802-jp
SCP-809-JP,Thaumiel,+29,今回はあなたにご協力を願いたい,0,1,1,https://iwasaki501.github.io/ternbusty/scp_by_series_jp/series1.html#scp-809-jp
SCP-823-JP,Safe,+125,おつきみ,0,1,1,https://iwasaki501.github.io/ternbusty/scp_by_series_jp/series1.html#scp-823-jp
SCP-831-JP,Euclid,+96,隠れ潜む夏,0,1,3,https://iwasaki501.github.io/ternbusty/scp_by_series_jp/series1.html#scp-831-jp
SCP-835-JP,Safe,+243,ゼノフォビア消照闇子,0,2,6,https://iwasaki501.github.io/ternbusty/scp_by_series_jp/series1.html#scp-835-jp
SCP-838-JP,Euclid,+70,都会の波,0,1,2,https://iwasaki501.github.io/ternbusty/scp_by_series_jp/series1.html#scp-838-jp
SCP-844-JP,Safe,+43,蛸の海征く少女らは,1,0,0,https://iwasaki501.github.io/ternbusty/scp_by_series_jp/series1.html#scp-844-jp
SCP-877-JP,Euclid,+157,ピールオブバナナマン,0,1,5,https://iwasaki501.github.io/ternbusty/scp_by_series_jp/series1.html#scp-877-jp
SCP-890-JP,Safe,+177,培養肉のジャータカ,0,2,1,https://iwasaki501.github.io/ternbusty/scp_by_series_jp/series1.html#scp-890-jp
SCP-892-JP,Euclid,+123,ミス・げいじゅつはばくはつだ ヴァンダリズムに反逆を,0,1,2,https://iwasaki501.github.io/ternbusty/scp_by_series_jp/series1.html#scp-892-jp
SCP-896-JP,Euclid,+31,私の、理想のカレシ,1,0,0,https://iwasaki501.github.io/ternbusty/scp_by_series_jp/series1.html#scp-896-jp
SCP-905-JP,Euclid,+332,フレディのスペシャルフライトショー,0,1,4,https://iwasaki501.github.io/ternbusty/scp_by_series_jp/series1.html#scp-905-jp
SCP-915-JP,Safe,+19,凪のシャワールーム,1,0,0,https://iwasaki501.github.io/ternbusty/scp_by_series_jp/series1.html#scp-915-jp
SCP-957-JP,Keter,+28,無明の光,1,1,3,https://iwasaki501.github.io/ternbusty/scp_by_series_jp/series1.html#scp-957-jp
SCP-973-JP,Euclid,+278,エターナル・ダークホース,0,1,4,https://iwasaki501.github.io/ternbusty/scp_by_series_jp/series1.html#scp-973-jp
SCP-975-JP,Safe,+83,道を紡ぐ廃忘,0,1,0,https://iwasaki501.github.io/ternbusty/scp_by_series_jp/series1.html#scp-975-jp
SCP-977-JP,Euclid,+97,もちつきうさぎと逸話たち,0,1,1,https://iwasaki501.github.io/ternbusty/scp_by_series_jp/series1.html#scp-977-jp
SCP-982-JP,Safe,+57,魂の歌を棺に納めて,3,0,0,https://iwasaki501.github.io/ternbusty/scp_by_series_jp/series1.html#scp-982-jp
SCP-986-JP,Euclid,+57,2人のいいひと,3,1,0,https://iwasaki501.github.io/ternbusty/scp_by_series_jp/series1.html#scp-986-jp
SCP-990-JP,Euclid,+89,特装救命士トリアージ・レッド,0,1,2,https://iwasaki501.github.io/ternbusty/scp_by_series_jp/series1.html#scp-990-jp
SCP-1000-JP,Others,+449,特別回収任務,0,1,1,https://iwasaki501.github.io/ternbusty/scp_by_series_jp/series2.html#scp-1000-jp
SCP-1014-JP,Euclid,+131,裏アカでやってくれ,6,6,1,https://iwasaki501.github.io/ternbusty/scp_by_series_jp/series2.html#scp-1014-jp
SCP-1030-JP,Euclid,+54,海賊船虫,0,2,0,https://iwasaki501.github.io/ternbusty/scp_by_series_jp/series2.html#scp-1030-jp
SCP-1033-JP,Euclid,+227,ヴァーチュアル・ラビット,0,1,0,https://iwasaki501.github.io/ternbusty/scp_by_series_jp/series2.html#scp-1033-jp
SCP-1067-JP,Safe,+49,努めぬ者に恵みあれ,1,0,0,https://iwasaki501.github.io/ternbusty/scp_by_series_jp/series2.html#scp-1067-jp
SCP-1079-JP,Safe,+173,TH-G,0,2,0,https://iwasaki501.github.io/ternbusty/scp_by_series_jp/series2.html#scp-1079-jp
SCP-1100-JP,Safe,+160,CAPTCHA,0,1,0,https://iwasaki501.github.io/ternbusty/scp_by_series_jp/series2.html#scp-1100-jp
SCP-1111-JP,Thaumiel,+418,国体護持,0,4,2,https://iwasaki501.github.io/ternbusty/scp_by_series_jp/series2.html#scp-1111-jp
SCP-1132-JP,Euclid,+8,学園百合ものの最初にある旅路と単なる花の話,0,1,0,https://iwasaki501.github.io/ternbusty/scp_by_series_jp/series2.html#scp-1132-jp
SCP-1133-JP,Euclid,+56,週刊少年ザイダン,6,0,0,https://iwasaki501.github.io/ternbusty/scp_by_series_jp/series2.html#scp-1133-jp
SCP-1134-JP,Euclid,+281,爆転ニギリ スシブレード,0,3,12,https://iwasaki501.github.io/ternbusty/scp_by_series_jp/series2.html#scp-1134-jp
SCP-1135-JP,Keter,+16,生成与奪の権を闇寿司に握らせるな!!,17,0,1,https://iwasaki501.github.io/ternbusty/scp_by_series_jp/series2.html#scp-1135-jp
SCP-1155-JP,Safe,+183,仲良く喧嘩しな,0,1,0,https://iwasaki501.github.io/ternbusty/scp_by_series_jp/series2.html#scp-1155-jp
SCP-1160-JP,Safe,+21,あなたの食卓あたためます！,1,0,0,https://iwasaki501.github.io/ternbusty/scp_by_series_jp/series2.html#scp-1160-jp
SCP-1193-JP,Euclid,+22,お笑い草,8,6,0,https://iwasaki501.github.io/ternbusty/scp_by_series_jp/series2.html#scp-1193-jp
SCP-1200-JP,Neutralized,+136,明日の神話,0,1,4,https://iwasaki501.github.io/ternbusty/scp_by_series_jp/series2.html#scp-1200-jp
SCP-1207-JP,Euclid,+2,おまえを虚無にするもの,4,0,0,https://iwasaki501.github.io/ternbusty/scp_by_series_jp/series2.html#scp-1207-jp
SCP-1211-JP,Euclid,+117,5頭と4匹と2羽と空席が1つ,0,2,0,https://iwasaki501.github.io/ternbusty/scp_by_series_jp/series2.html#scp-1211-jp
SCP-1224-JP,Safe,+31,嘘の予言,1,0,1,https://iwasaki501.github.io/ternbusty/scp_by_series_jp/series2.html#scp-1224-jp
SCP-1239-JP,Euclid,+44,ミスター・GIJINKA,0,2,1,https://iwasaki501.github.io/ternbusty/scp_by_series_jp/series2.html#scp-1239-jp
SCP-1255-JP,Euclid,+17,豆腐の角に頭ぶつけて炎上しろ,18,0,0,https://iwasaki501.github.io/ternbusty/scp_by_series_jp/series2.html#scp-1255-jp
SCP-1271-JP,Neutralized,+27,亜航信号拳銃,0,1,0,https://iwasaki501.github.io/ternbusty/scp_by_series_jp/series2.html#scp-1271-jp
SCP-1272-JP,Euclid,+50,転生の炎,0,1,1,https://iwasaki501.github.io/ternbusty/scp_by_series_jp/series2.html#scp-1272-jp
SCP-1304-JP,Euclid,+79,ノアザミが散った日,0,1,1,https://iwasaki501.github.io/ternbusty/scp_by_series_jp/series2.html#scp-1304-jp
SCP-1306-JP,Euclid,+38,ママ友,1,0,1,https://iwasaki501.github.io/ternbusty/scp_by_series_jp/series2.html#scp-1306-jp
SCP-1334-JP,Keter,+162,渚を目指して,0,1,2,https://iwasaki501.github.io/ternbusty/scp_by_series_jp/series2.html#scp-1334-jp
SCP-1343-JP,Keter,+106,日奉柃,1,2,1,https://iwasaki501.github.io/ternbusty/scp_by_series_jp/series2.html#scp-1343-jp
SCP-1345-JP,Neutralized,+13,眠れる海の魔女あるいは長髪蛸,1,0,0,https://iwasaki501.github.io/ternbusty/scp_by_series_jp/series2.html#scp-1345-jp
SCP-1384-JP,Euclid,+46,あなたが忘れるその日まで,2,0,0,https://iwasaki501.github.io/ternbusty/scp_by_series_jp/series2.html#scp-1384-jp
SCP-1420-JP,Keter,+48,肉叢の皇,0,1,0,https://iwasaki501.github.io/ternbusty/scp_by_series_jp/series2.html#scp-1420-jp
SCP-1425-JP,Safe,+15,敵の敵は敵、もしかしたらサンタ,2,0,0,https://iwasaki501.github.io/ternbusty/scp_by_series_jp/series2.html#scp-1425-jp
SCP-1435-JP,Safe,+97,宿木の宿,1,1,1,https://iwasaki501.github.io/ternbusty/scp_by_series_jp/series2.html#scp-1435-jp
SCP-1451-JP,Safe,+16,忘却、焼却、棄却,3,0,0,https://iwasaki501.github.io/ternbusty/scp_by_series_jp/series2.html#scp-1451-jp
SCP-1460-JP,Euclid,+71,紅べこ,1,0,0,https://iwasaki501.github.io/ternbusty/scp_by_series_jp/series2.html#scp-1460-jp
SCP-1465-JP,Euclid,+45,銭と蟻,1,0,0,https://iwasaki501.github.io/ternbusty/scp_by_series_jp/series2.html#scp-1465-jp
SCP-1500-JP,Euclid,+215,和魂祭,0,2,5,https://iwasaki501.github.io/ternbusty/scp_by_series_jp/series2.html#scp-1500-jp
SCP-1504-JP,Euclid,+58,存在証明,0,7,0,https://iwasaki501.github.io/ternbusty/scp_by_series_jp/series2.html#scp-1504-jp
SCP-1517-JP,Euclid,+44,試作機,2,1,0,https://iwasaki501.github.io/ternbusty/scp_by_series_jp/series2.html#scp-1517-jp
SCP-1518-JP,Euclid,+51,錆びた歯車,4,3,2,https://iwasaki501.github.io/ternbusty/scp_by_series_jp/series2.html#scp-1518-jp
SCP-1575-JP,Neutralized,+36,お前だよTu étais,3,0,0,https://iwasaki501.github.io/ternbusty/scp_by_series_jp/series2.html#scp-1575-jp
SCP-1587-JP,Euclid,+77,夢幻蛸,0,2,1,https://iwasaki501.github.io/ternbusty/scp_by_series_jp/series2.html#scp-1587-jp
SCP-1616-JP,Neutralized,+69,SCP-1616-JPの報告書はCC BY-SA 3.0に基づき作成されています。,8,0,0,https://iwasaki501.github.io/ternbusty/scp_by_series_jp/series2.html#scp-1616-jp
SCP-1629-JP,Euclid,+16,アスファルトを裂く花のように,0,1,0,https://iwasaki501.github.io/ternbusty/scp_by_series_jp/series2.html#scp-1629-jp
SCP-1641-JP,Euclid,+24,ノスタルジア☆コーヒーメーカー,0,1,0,https://iwasaki501.github.io/ternbusty/scp_by_series_jp/series2.html#scp-1641-jp
SCP-1681-JP,Euclid,+131,ドードー巡り,0,1,1,https://iwasaki501.github.io/ternbusty/scp_by_series_jp/series2.html#scp-1681-jp
SCP-1682-JP,Others,+129,慈悲よ、汝いずこへ,2,0,4,https://iwasaki501.github.io/ternbusty/scp_by_series_jp/series2.html#scp-1682-jp
SCP-1710-JP,Euclid,+243,ショパン・ゴジラ,17,5,19,https://iwasaki501.github.io/ternbusty/scp_by_series_jp/series2.html#scp-1710-jp
SCP-1732-JP,Euclid,+21,東帝 - インヴィテーション,1,0,0,https://iwasaki501.github.io/ternbusty/scp_by_series_jp/series2.html#scp-1732-jp
SCP-1762-JP,Safe,+30,閨の扉,1,0,0,https://iwasaki501.github.io/ternbusty/scp_by_series_jp/series2.html#scp-1762-jp
SCP-1777-JP,Safe,+193,迷いの森,1,1,4,https://iwasaki501.github.io/ternbusty/scp_by_series_jp/series2.html#scp-1777-jp
SCP-1779-JP,Safe,+123,この動画はフィクションです。登場する人物・団体・名称等は架空であり、実在のものとは関係ありません。,4,0,1,https://iwasaki501.github.io/ternbusty/scp_by_series_jp/series2.html#scp-1779-jp
SCP-1782-JP,Euclid,+27,金星蛸,2,0,0,https://iwasaki501.github.io/ternbusty/scp_by_series_jp/series2.html#scp-1782-jp
SCP-1794-JP,Euclid,+82,不条理が不条理を殺したIrrationalités ont tué irrationalités,3,1,0,https://iwasaki501.github.io/ternbusty/scp_by_series_jp/series2.html#scp-1794-jp
SCP-1808-JP,Neutralized,+139,太陽蛸,0,2,1,https://iwasaki501.github.io/ternbusty/scp_by_series_jp/series2.html#scp-1808-jp
SCP-1856-JP,Safe,+47,NINJA・SAGA,5,0,1,https://iwasaki501.github.io/ternbusty/scp_by_series_jp/series2.html#scp-1856-jp
SCP-1858-JP,Euclid,+44,美食家、月を食う。,0,1,1,https://iwasaki501.github.io/ternbusty/scp_by_series_jp/series2.html#scp-1858-jp
SCP-1860-JP,Neutralized,+11,不完全出血のバッド・ヒーロー,2,0,0,https://iwasaki501.github.io/ternbusty/scp_by_series_jp/series2.html#scp-1860-jp
SCP-1869-JP,Euclid,+86,パンダイズム,6,6,0,https://iwasaki501.github.io/ternbusty/scp_by_series_jp/series2.html#scp-1869-jp
SCP-1875-JP,Keter,+36,妖怪たち,0,1,1,https://iwasaki501.github.io/ternbusty/scp_by_series_jp/series2.html#scp-1875-jp
SCP-1877-JP,Safe,+63,Go Banana!,2,0,0,https://iwasaki501.github.io/ternbusty/scp_by_series_jp/series2.html#scp-1877-jp
SCP-1878-JP,Euclid,+62,たとえ、この身が砕けても,0,1,0,https://iwasaki501.github.io/ternbusty/scp_by_series_jp/series2.html#scp-1878-jp
SCP-1886-JP,Euclid,+5,財団の事務所,1,0,3,https://iwasaki501.github.io/ternbusty/scp_by_series_jp/series2.html#scp-1886-jp
SCP-1890-JP,Euclid,+136,Agape,0,1,0,https://iwasaki501.github.io/ternbusty/scp_by_series_jp/series2.html#scp-1890-jp
SCP-1906-JP,Euclid,+33,《CODE:I》おとしだま,0,1,1,https://iwasaki501.github.io/ternbusty/scp_by_series_jp/series2.html#scp-1906-jp
SCP-1911-JP,Euclid,+39,東弊戦艦 大秋津洲,0,2,1,https://iwasaki501.github.io/ternbusty/scp_by_series_jp/series2.html#scp-1911-jp
SCP-1915-JP,Thaumiel,+15,宇宙製造機械と輪廻の蛇,0,1,0,https://iwasaki501.github.io/ternbusty/scp_by_series_jp/series2.html#scp-1915-jp
SCP-1921-JP,Euclid,+51,サンジェルマンの聖杯,0,1,2,https://iwasaki501.github.io/ternbusty/scp_by_series_jp/series2.html#scp-1921-jp
SCP-1922-JP,Safe,+189,忘れ、行き着く、酔い潰れる,0,2,1,https://iwasaki501.github.io/ternbusty/scp_by_series_jp/series2.html#scp-1922-jp
SCP-1924-JP,Euclid,+47,故ロンメル将軍の秘跡,1,1,1,https://iwasaki501.github.io/ternbusty/scp_by_series_jp/series2.html#scp-1924-jp
SCP-1927-JP,Keter,+55,いと高き方のもとに,26,3,7,https://iwasaki501.github.io/ternbusty/scp_by_series_jp/series2.html#scp-1927-jp
SCP-1928-JP,Euclid,+95,STARDUST OF THE DEAD,1,0,0,https://iwasaki501.github.io/ternbusty/scp_by_series_jp/series2.html#scp-1928-jp
SCP-1933-JP,Keter,+64,ケダモノの子,0,1,2,https://iwasaki501.github.io/ternbusty/scp_by_series_jp/series2.html#scp-1933-jp
SCP-1942-JP,Keter,+73,龍は死なず,2,1,3,https://iwasaki501.github.io/ternbusty/scp_by_series_jp/series2.html#scp-1942-jp
SCP-1945-JP,Euclid,+95,オノゴロ-45協定に基づく共同管理対象,0,1,4,https://iwasaki501.github.io/ternbusty/scp_by_series_jp/series2.html#scp-1945-jp
SCP-1951-JP,Euclid,+9,霜月学園の優雅な礼拝,1,0,0,https://iwasaki501.github.io/ternbusty/scp_by_series_jp/series2.html#scp-1951-jp
SCP-1961-JP,Safe,+131,古戦場,12,1,2,https://iwasaki501.github.io/ternbusty/scp_by_series_jp/series2.html#scp-1961-jp
SCP-1970-JP,Keter,+494,13,1,1,3,https://iwasaki501.github.io/ternbusty/scp_by_series_jp/series2.html#scp-1970-jp
SCP-1971-JP,Safe,+48,ヒーローの小道具,1,0,1,https://iwasaki501.github.io/ternbusty/scp_by_series_jp/series2.html#scp-1971-jp
SCP-1982-JP,Euclid,+238,"""素顔""を見せます",6,6,3,https://iwasaki501.github.io/ternbusty/scp_by_series_jp/series2.html#scp-1982-jp
SCP-1986-JP,Euclid,+74,やっぱり命名神様なんていなかったね,7,2,0,https://iwasaki501.github.io/ternbusty/scp_by_series_jp/series2.html#scp-1986-jp
SCP-1988-JP,Keter,+164,平成コンビニ神話伝,1,4,3,https://iwasaki501.github.io/ternbusty/scp_by_series_jp/series2.html#scp-1988-jp
SCP-2000-JP,Thaumiel,+814,伝書使,0,1,2,https://iwasaki501.github.io/ternbusty/scp_by_series_jp/series3.html#scp-2000-jp
SCP-2001-JP,Safe,+166,カントリーロード,8,0,1,https://iwasaki501.github.io/ternbusty/scp_by_series_jp/series3.html#scp-2001-jp
SCP-2006-JP,Thaumiel,+156,人類の夢に救済を,0,1,1,https://iwasaki501.github.io/ternbusty/scp_by_series_jp/series3.html#scp-2006-jp
SCP-2009-JP,Euclid,+97,収容違反,2,1,2,https://iwasaki501.github.io/ternbusty/scp_by_series_jp/series3.html#scp-2009-jp
SCP-2041-JP,Keter,+133,財団感染病棟Q5！白き末期患者と絶望的ホスピタル,1,3,8,https://iwasaki501.github.io/ternbusty/scp_by_series_jp/series3.html#scp-2041-jp
SCP-2042-JP,Euclid,+47,Agt.野町の花籠をひっくり返す/黒の蛇使いと熱狂的スクール,3,1,5,https://iwasaki501.github.io/ternbusty/scp_by_series_jp/series3.html#scp-2042-jp
SCP-2043-JP,Keter,+30,死刑執行に関する法案/そして何もない/哀願完全平等A3！灰色犯罪者VS最終的プリズン,9,0,3,https://iwasaki501.github.io/ternbusty/scp_by_series_jp/series3.html#scp-2043-jp
SCP-2056-JP,Others,+24,合掌,1,1,1,https://iwasaki501.github.io/ternbusty/scp_by_series_jp/series3.html#scp-2056-jp
SCP-2062-JP,Euclid,+43,万能偽薬,2,0,0,https://iwasaki501.github.io/ternbusty/scp_by_series_jp/series3.html#scp-2062-jp
SCP-2064-JP,Euclid,+71,蟲のこゑ,0,1,1,https://iwasaki501.github.io/ternbusty/scp_by_series_jp/series3.html#scp-2064-jp
SCP-2073-JP,Keter,-5,コウノトリ的業界事情,1,0,0,https://iwasaki501.github.io/ternbusty/scp_by_series_jp/series3.html#scp-2073-jp
SCP-2080-JP,Euclid,+38,いつかの種子タネ,3,0,0,https://iwasaki501.github.io/ternbusty/scp_by_series_jp/series3.html#scp-2080-jp
SCP-2090-JP,Euclid,+25,とおくへとおくへとんでいけ,1,0,0,https://iwasaki501.github.io/ternbusty/scp_by_series_jp/series3.html#scp-2090-jp
SCP-2102-JP,Others,+79,領域内の異常な被視感、または彼らは如何にして悲観するのを止めて日常を愛するようになったか,1,1,1,https://iwasaki501.github.io/ternbusty/scp_by_series_jp/series3.html#scp-2102-jp
SCP-2112-JP,Others,+69,死霊の館,4,0,0,https://iwasaki501.github.io/ternbusty/scp_by_series_jp/series3.html#scp-2112-jp
SCP-2129-JP,Safe,+7,「その手を離してくれ。」,2,0,0,https://iwasaki501.github.io/ternbusty/scp_by_series_jp/series3.html#scp-2129-jp
SCP-2133-JP,Euclid,+38,手中の世界に嗤いけり,52,3,3,https://iwasaki501.github.io/ternbusty/scp_by_series_jp/series3.html#scp-2133-jp
SCP-2144-JP,Euclid,+381,やぁ！そこの君。君だよ君。そこでこのページをぼうっと眺めてる君。ちょっとしたことなんだけど、このリンクをクリックしてくれないかな。,0,1,2,https://iwasaki501.github.io/ternbusty/scp_by_series_jp/series3.html#scp-2144-jp
SCP-2155-JP,Euclid,+49,生命の神秘、または生物学の厄介者,7,0,0,https://iwasaki501.github.io/ternbusty/scp_by_series_jp/series3.html#scp-2155-jp
SCP-2163-JP,Euclid,+58,復活！新宿発→ムベべ星行深夜バス(信者割引アリ※最大70%！),4,1,2,https://iwasaki501.github.io/ternbusty/scp_by_series_jp/series3.html#scp-2163-jp
SCP-2222-JP,Euclid,+213,灯,6,1,1,https://iwasaki501.github.io/ternbusty/scp_by_series_jp/series3.html#scp-2222-jp
SCP-2250-JP,Euclid,+31,ぼくらはみんな飢えている,3,0,0,https://iwasaki501.github.io/ternbusty/scp_by_series_jp/series3.html#scp-2250-jp
SCP-2304-JP,Keter,+45,ノアザミが再び咲いた日,2,0,0,https://iwasaki501.github.io/ternbusty/scp_by_series_jp/series3.html#scp-2304-jp
SCP-2320-JP,Euclid,+63,100日毎に死ぬワニ,2,0,1,https://iwasaki501.github.io/ternbusty/scp_by_series_jp/series3.html#scp-2320-jp
SCP-2355-JP,Euclid,+67,信心深き不審者,13,1,3,https://iwasaki501.github.io/ternbusty/scp_by_series_jp/series3.html#scp-2355-jp
SCP-2373-JP,Safe,+21,跳んでけ,1,0,0,https://iwasaki501.github.io/ternbusty/scp_by_series_jp/series3.html#scp-2373-jp
SCP-2374-JP,Euclid,+17,カニタコ理髪店,1,0,0,https://iwasaki501.github.io/ternbusty/scp_by_series_jp/series3.html#scp-2374-jp
SCP-2399-JP,Safe,+49,あんまり人には言えない趣味の夜に,5,0,1,https://iwasaki501.github.io/ternbusty/scp_by_series_jp/series3.html#scp-2399-jp
SCP-2500-JP,Neutralized,+114,ライズ,1,2,2,https://iwasaki501.github.io/ternbusty/scp_by_series_jp/series3.html#scp-2500-jp
SCP-2501-JP,Safe,+63,廻り舞台,8,0,2,https://iwasaki501.github.io/ternbusty/scp_by_series_jp/series3.html#scp-2501-jp
SCP-2555-JP,Thaumiel,+74,SCP-2555-JPは存在しないファイルです。,2,0,0,https://iwasaki501.github.io/ternbusty/scp_by_series_jp/series3.html#scp-2555-jp
SCP-2616-JP,Safe,+270,雪中送炭,0,1,1,https://iwasaki501.github.io/ternbusty/scp_by_series_jp/series3.html#scp-2616-jp
SCP-2630-JP,Others,+24,十種神宝,7,0,3,https://iwasaki501.github.io/ternbusty/scp_by_series_jp/series3.html#scp-2630-jp
SCP-2650-JP,Keter,+61,異葬,0,1,2,https://iwasaki501.github.io/ternbusty/scp_by_series_jp/series3.html#scp-2650-jp
SCP-2664-JP,Others,+27,患,1,1,1,https://iwasaki501.github.io/ternbusty/scp_by_series_jp/series3.html#scp-2664-jp
SCP-2665-JP,Euclid,+1,匪,3,0,0,https://iwasaki501.github.io/ternbusty/scp_by_series_jp/series3.html#scp-2665-jp
SCP-2666-JP,Keter,+171,泉,3,2,3,https://iwasaki501.github.io/ternbusty/scp_by_series_jp/series3.html#scp-2666-jp
SCP-2693-JP,Neutralized,+85,羊が1匹,3,2,0,https://iwasaki501.github.io/ternbusty/scp_by_series_jp/series3.html#scp-2693-jp
SCP-2700-JP,Others,+84,いつかやってくる日,0,1,2,https://iwasaki501.github.io/ternbusty/scp_by_series_jp/series3.html#scp-2700-jp
SCP-2708-JP,Safe,+102,狐七化け、狸八化け。されど敵わぬものがいて。,1,0,0,https://iwasaki501.github.io/ternbusty/scp_by_series_jp/series3.html#scp-2708-jp
SCP-2750-JP,Euclid,+21,自分に嘘をつくな,1,0,0,https://iwasaki501.github.io/ternbusty/scp_by_series_jp/series3.html#scp-2750-jp
SCP-2790-JP,Others,+39,財団維持部門,0,1,1,https://iwasaki501.github.io/ternbusty/scp_by_series_jp/series3.html#scp-2790-jp
SCP-2811-JP,Safe,+21,エレファント姦しき,3,0,1,https://iwasaki501.github.io/ternbusty/scp_by_series_jp/series3.html#scp-2811-jp
SCP-2831-JP,Safe,+39,望まれた席,2,0,0,https://iwasaki501.github.io/ternbusty/scp_by_series_jp/series3.html#scp-2831-jp
SCP-2910-JP,Keter,+82,魔法少女はマンハッタンの紅き闇を飛ぶ,22,2,7,https://iwasaki501.github.io/ternbusty/scp_by_series_jp/series3.html#scp-2910-jp
SCP-2911-JP,Safe,+143,合衆国の一番長い日,38,3,8,https://iwasaki501.github.io/ternbusty/scp_by_series_jp/series3.html#scp-2911-jp
SCP-2912-JP,Others,+104,我らの壊れたる機動精神　ブロークン・ガンダム,198,2,4,https://iwasaki501.github.io/ternbusty/scp_by_series_jp/series3.html#scp-2912-jp
SCP-2983-JP,Others,+24,吊るされた天の崩壊,9,0,1,https://iwasaki501.github.io/ternbusty/scp_by_series_jp/series3.html#scp-2983-jp
SCP-2995-JP,Others,+156,物語緩衝層,3,0,2,https://iwasaki501.github.io/ternbusty/scp_by_series_jp/series3.html#scp-2995-jp
SOLVEX-S-PROPOSAL,Thaumiel,+290,solvexの提言 - SCP財団,0,2,1,https://iwasaki501.github.io/ternbusty/scp_by_series_jp/scp-001.html#solvex-s-proposal
O-92-S-PROPOSAL,Thaumiel,+122,O-92の提言 - SCP財団,5,0,1,https://iwasaki501.github.io/ternbusty/scp_by_series_jp/scp-001.html#o-92-s-proposal
INDONOOTOKO-S-PROPOSAL,Others,+75,indonootokoの提言 - SCP財団,4,0,2,https://iwasaki501.github.io/ternbusty/scp_by_series_jp/scp-001.html#indonootoko-s-proposal
HANNYAHARA-S-PROPOSAL,Keter,+129,hannyaharaの提言 - SCP財団,4,0,2,https://iwasaki501.github.io/ternbusty/scp_by_series_jp/scp-001.html#hannyahara-s-proposal
SOLVEX-S-PROPOSAL-II,Keter,+32,solvexの提言II - SCP財団,4,0,2,https://iwasaki501.github.io/ternbusty/scp_by_series_jp/scp-001.html#solvex-s-proposal-ii
JIRAKU-MOGANA-S-PROPOSAL,Others,+73,時絡の提言 - SCP財団,9,1,1,https://iwasaki501.github.io/ternbusty/scp_by_series_jp/scp-001.html#jiraku-mogana-s-proposal
FENNECIST-S-PROPOSAL,Others,+68,Fennecistの提言 - SCP財団,1,0,0,https://iwasaki501.github.io/ternbusty/scp_by_series_jp/scp-001.html#fennecist-s-proposal
MISHARY-S-PROPOSAL,Others,+57,禦舍利の提言 / 第〇〇〇八番 - SCP財団,23,0,5,https://iwasaki501.github.io/ternbusty/scp_by_series_jp/scp-001.html#mishary-s-proposal
INDONOOTOKO-S-PROPOSAL-III,Others,+41,Indonootokoの提言Ⅲ - SCP財団,4,0,1,https://iwasaki501.github.io/ternbusty/scp_by_series_jp/scp-001.html#indonootoko-s-proposal-iii
AMAMIEL-SANKS-S-PROPOSAL,Others,+92,Amamiel=Sanksの提言 - SCP財団,4,0,0,https://iwasaki501.github.io/ternbusty/scp_by_series_jp/scp-001.html#amamiel-sanks-s-proposal
